,cap,geometry,PotentialUsers,PotentialPicking,Taken,Users,Score,Potential
0,20121,"MULTIPOLYGON (((9.205233 45.474583, 9.204308 45.473724, 9.203681 45.4731, 9.202812 45.472205, 9.202475 45.471898, 9.201086 45.470623, 9.200353 45.469987, 9.200154 45.469752, 9.199272 45.468788, 9.198947 45.468437, 9.19827 45.467648, 9.197812 45.466811, 9.197263 45.466862, 9.196848 45.466877, 9.195206 45.466931, 9.195837 45.465521, 9.195345 45.465376, 9.194603 45.465165, 9.194026 45.465003, 9.193416 45.464844, 9.192803 45.464661, 9.192318 45.464663, 9.19142 45.464665, 9.190783 45.464665, 9.190014 45.464679, 9.18927 45.464687, 9.188535 45.464696, 9.186853 45.465366, 9.186534 45.465478, 9.186279 45.46606, 9.185234 45.465984, 9.184731 45.46634, 9.183896 45.466976, 9.182779 45.46783, 9.182544 45.467685, 9.182817 45.467223, 9.182414 45.467092, 9.182201 45.4665, 9.18222 45.466359, 9.182263 45.465728, 9.18063 45.465634, 9.1804 45.465665, 9.179093 45.465727, 9.178135 45.465786, 9.177185 45.466075, 9.176827 45.466494, 9.177491 45.467434, 9.177872 45.467991, 9.177262 45.468446, 9.176086 45.469327, 9.17541 45.469811, 9.174196 45.470982, 9.172818 45.471703, 9.172128 45.472666, 9.16986 45.474, 9.171105 45.474809, 9.171636 45.475162, 9.171419 45.475731, 9.171527 45.475954, 9.171764 45.476198, 9.172251 45.476378, 9.172484 45.476395, 9.172837 45.47633, 9.173216 45.476163, 9.175032 45.477343, 9.176501 45.47615, 9.177297 45.475995, 9.17915 45.474806, 9.18055 45.474851, 9.181836 45.47389, 9.181685 45.474815, 9.181607 45.475394, 9.181456 45.476325, 9.1813 45.477279, 9.181259 45.477578, 9.181532 45.478343, 9.181977 45.479903, 9.182439 45.481255, 9.184304 45.480842, 9.186334 45.480459, 9.186569 45.481038, 9.187006 45.480963, 9.188027 45.480818, 9.188243 45.480806, 9.190489 45.480699, 9.192273 45.480309, 9.192718 45.480399, 9.19372 45.479925, 9.194538 45.479538, 9.194426 45.479496, 9.194208 45.478264, 9.19488 45.478207, 9.195646 45.478963, 9.19696 45.478375, 9.198458 45.477679, 9.199177 45.477348, 9.200029 45.476965, 9.200926 45.476545, 9.202068 45.476017, 9.203071 45.475555, 9.204094 45.475102, 9.204572 45.474879, 9.205233 45.474583)))",1,2,54,2,108,High
1,20122,"MULTIPOLYGON (((9.206837 45.461089, 9.206779 45.46054, 9.206477 45.460009, 9.205174 45.458483, 9.205899 45.458149, 9.205702 45.457797, 9.204973 45.456454, 9.204248 45.455128, 9.203929 45.454552, 9.203602 45.453947, 9.202741 45.454202, 9.202398 45.453575, 9.202186 45.452836, 9.201886 45.452386, 9.201177 45.451966, 9.200522 45.451944, 9.200493 45.45123, 9.197483 45.451332, 9.197133 45.451293, 9.197161 45.450933, 9.196851 45.450933, 9.196768 45.451226, 9.19655 45.45204, 9.194397 45.451988, 9.194159 45.451985, 9.193996 45.451982, 9.192722 45.451975, 9.192704 45.450933, 9.190408 45.450937, 9.190369 45.45195, 9.189581 45.451977, 9.188625 45.452049, 9.187685 45.452176, 9.186771 45.452352, 9.186008 45.45241, 9.185791 45.452422, 9.184702 45.452501, 9.184541 45.452518, 9.18409 45.452551, 9.181091 45.45281, 9.18076 45.452921, 9.18032 45.453231, 9.180331 45.453272, 9.180439 45.453983, 9.180797 45.453977, 9.180883 45.455036, 9.181901 45.455142, 9.181995 45.455594, 9.182057 45.456031, 9.182237 45.457055, 9.18304 45.456878, 9.183589 45.456736, 9.18432 45.456556, 9.184452 45.457191, 9.184369 45.458185, 9.186494 45.45767, 9.187351 45.458307, 9.187083 45.458501, 9.187434 45.458754, 9.187708 45.458474, 9.187954 45.459288, 9.188011 45.459495, 9.188202 45.46018, 9.188292 45.46054, 9.188045 45.460829, 9.187802 45.461339, 9.188486 45.461298, 9.188627 45.461226, 9.188849 45.461121, 9.189774 45.460934, 9.190682 45.461679, 9.190333 45.461979, 9.18967 45.46198, 9.189675 45.462726, 9.190017 45.46273, 9.190019 45.463289, 9.190026 45.463685, 9.188521 45.463689, 9.188535 45.464696, 9.18927 45.464687, 9.190014 45.464679, 9.190783 45.464665, 9.19142 45.464665, 9.192318 45.464663, 9.192803 45.464661, 9.193416 45.464844, 9.194026 45.465003, 9.194603 45.465165, 9.195345 45.465376, 9.195837 45.465521, 9.195206 45.466931, 9.196848 45.466877, 9.197263 45.466862, 9.197812 45.466811, 9.19827 45.467648, 9.198947 45.468437, 9.199272 45.468788, 9.200154 45.469752, 9.200353 45.469987, 9.201086 45.470623, 9.202475 45.471898, 9.202812 45.472205, 9.203681 45.4731, 9.204308 45.473724, 9.205233 45.474583, 9.205708 45.474357, 9.20539 45.473964, 9.205424 45.472432, 9.205454 45.471837, 9.20546 45.471545, 9.205493 45.470683, 9.205667 45.469516, 9.205759 45.468465, 9.205874 45.467794, 9.20593 45.467145, 9.205997 45.46653, 9.206101 45.465701, 9.206184 45.465197, 9.206316 45.464283, 9.206373 45.463879, 9.206471 45.463338, 9.206508 45.463136, 9.206623 45.462293, 9.206733 45.461735, 9.206837 45.461089)))",0,2,39,1,39,Medium
2,20123,"MULTIPOLYGON (((9.190682 45.461679, 9.189774 45.460934, 9.188849 45.461121, 9.188627 45.461226, 9.188486 45.461298, 9.187802 45.461339, 9.188045 45.460829, 9.188292 45.46054, 9.188202 45.46018, 9.188011 45.459495, 9.187954 45.459288, 9.187708 45.458474, 9.187434 45.458754, 9.187083 45.458501, 9.187351 45.458307, 9.186494 45.45767, 9.184369 45.458185, 9.184452 45.457191, 9.18432 45.456556, 9.183589 45.456736, 9.18304 45.456878, 9.182237 45.457055, 9.182057 45.456031, 9.181995 45.455594, 9.181901 45.455142, 9.180883 45.455036, 9.180797 45.453977, 9.180439 45.453983, 9.180331 45.453272, 9.18032 45.453231, 9.18076 45.452921, 9.181091 45.45281, 9.181009 45.452258, 9.180188 45.45231, 9.17896 45.452368, 9.178128 45.452275, 9.177225 45.452295, 9.176424 45.452593, 9.176129 45.45277, 9.173453 45.454498, 9.173191 45.454678, 9.174192 45.455356, 9.173506 45.455832, 9.172753 45.456313, 9.172096 45.456746, 9.171585 45.457046, 9.171153 45.457303, 9.171003 45.457384, 9.169546 45.458271, 9.168264 45.459072, 9.167402 45.459606, 9.166821 45.459971, 9.166602 45.460114, 9.164765 45.461106, 9.164286 45.461337, 9.164815 45.462692, 9.16509 45.463414, 9.164455 45.463501, 9.164077 45.463555, 9.164614 45.465324, 9.164772 45.465813, 9.164888 45.466195, 9.165085 45.466845, 9.166088 45.466671, 9.166362 45.467435, 9.165298 45.467586, 9.165552 45.468528, 9.165891 45.469611, 9.16644 45.471496, 9.166191 45.471636, 9.166411 45.471769, 9.167323 45.472325, 9.168265 45.472928, 9.168736 45.473237, 9.168968 45.473412, 9.169328 45.473653, 9.16986 45.474, 9.172128 45.472666, 9.172818 45.471703, 9.174196 45.470982, 9.17541 45.469811, 9.176086 45.469327, 9.177262 45.468446, 9.177872 45.467991, 9.177491 45.467434, 9.176827 45.466494, 9.177185 45.466075, 9.178135 45.465786, 9.179093 45.465727, 9.1804 45.465665, 9.18063 45.465634, 9.182263 45.465728, 9.18222 45.466359, 9.182201 45.4665, 9.182414 45.467092, 9.182817 45.467223, 9.182544 45.467685, 9.182779 45.46783, 9.183896 45.466976, 9.184731 45.46634, 9.185234 45.465984, 9.186279 45.46606, 9.186534 45.465478, 9.186853 45.465366, 9.188535 45.464696, 9.188521 45.463689, 9.190026 45.463685, 9.190019 45.463289, 9.190017 45.46273, 9.189675 45.462726, 9.18967 45.46198, 9.190333 45.461979, 9.190682 45.461679)))",0,2,39,1,39,Medium
3,20124,"MULTIPOLYGON (((9.216719 45.486124, 9.216396 45.485829, 9.215551 45.484963, 9.215177 45.484556, 9.214625 45.484024, 9.213867 45.48329, 9.213581 45.483018, 9.212848 45.482258, 9.212125 45.481538, 9.211159 45.480554, 9.211342 45.480387, 9.211012 45.480064, 9.211432 45.479846, 9.211223 45.479635, 9.210699 45.479089, 9.210311 45.478691, 9.209683 45.479009, 9.20946 45.478815, 9.209223 45.478571, 9.208301 45.477675, 9.207568 45.476921, 9.207136 45.476531, 9.206636 45.476061, 9.20598 45.475373, 9.205835 45.475219, 9.205233 45.474583, 9.204572 45.474879, 9.204094 45.475102, 9.203071 45.475555, 9.202068 45.476017, 9.200926 45.476545, 9.200029 45.476965, 9.199177 45.477348, 9.198458 45.477679, 9.19696 45.478375, 9.195646 45.478963, 9.19488 45.478207, 9.194208 45.478264, 9.194426 45.479496, 9.194538 45.479538, 9.19372 45.479925, 9.192718 45.480399, 9.192273 45.480309, 9.190489 45.480699, 9.188243 45.480806, 9.188027 45.480818, 9.187006 45.480963, 9.187463 45.482442, 9.187853 45.483243, 9.185785 45.484068, 9.185492 45.484242, 9.187248 45.485753, 9.188313 45.485576, 9.188519 45.486345, 9.188576 45.486552, 9.188806 45.487315, 9.189648 45.487413, 9.191329 45.487593, 9.191181 45.488188, 9.191073 45.488654, 9.19103 45.488856, 9.191771 45.489438, 9.191424 45.490119, 9.192371 45.491773, 9.19286 45.4926, 9.193656 45.494084, 9.194552 45.49555, 9.196213 45.495109, 9.197582 45.494746, 9.198935 45.494378, 9.198696 45.493908, 9.198849 45.493371, 9.199306 45.493028, 9.199538 45.492954, 9.200328 45.492809, 9.200569 45.492852, 9.200848 45.492901, 9.201734 45.492471, 9.20223 45.492222, 9.202731 45.491974, 9.203472 45.491618, 9.202598 45.490872, 9.20175 45.490151, 9.20119 45.489635, 9.2024 45.489054, 9.203645 45.488414, 9.204593 45.487933, 9.202762 45.486167, 9.201666 45.485088, 9.202834 45.484453, 9.204227 45.483726, 9.206062 45.485526, 9.207168 45.486656, 9.20843 45.487929, 9.209728 45.489286, 9.209933 45.489184, 9.210541 45.488879, 9.211492 45.48837, 9.212446 45.487904, 9.212763 45.487736, 9.213599 45.487318, 9.214922 45.486642, 9.215286 45.48645, 9.215997 45.486103, 9.216719 45.486124)))",1,2,81,2,162,High
4,20125,"MULTIPOLYGON (((9.222021 45.503781, 9.221872 45.50331, 9.221837 45.503203, 9.221595 45.502398, 9.22152 45.502125, 9.221298 45.501383, 9.221186 45.501057, 9.220982 45.500194, 9.220788 45.499596, 9.220594 45.498899, 9.220423 45.498352, 9.220017 45.497002, 9.219772 45.496253, 9.219729 45.496121, 9.21963 45.49582, 9.219615 45.495771, 9.219361 45.494926, 9.219342 45.494831, 9.219293 45.494633, 9.217218 45.494951, 9.216711 45.493544, 9.216644 45.493331, 9.216564 45.493083, 9.216449 45.492816, 9.216218 45.492929, 9.215886 45.493099, 9.213687 45.493134, 9.213265 45.493139, 9.21264 45.49254, 9.211703 45.491624, 9.211455 45.49135, 9.209508 45.48939, 9.209728 45.489286, 9.20843 45.487929, 9.207168 45.486656, 9.206062 45.485526, 9.204227 45.483726, 9.202834 45.484453, 9.201666 45.485088, 9.202762 45.486167, 9.204593 45.487933, 9.203645 45.488414, 9.2024 45.489054, 9.20119 45.489635, 9.20175 45.490151, 9.202598 45.490872, 9.203472 45.491618, 9.202731 45.491974, 9.20223 45.492222, 9.201734 45.492471, 9.200848 45.492901, 9.200569 45.492852, 9.200328 45.492809, 9.199538 45.492954, 9.199306 45.493028, 9.198849 45.493371, 9.198696 45.493908, 9.198935 45.494378, 9.197582 45.494746, 9.196213 45.495109, 9.194552 45.49555, 9.194794 45.49602, 9.195771 45.497817, 9.19612 45.49842, 9.196206 45.498568, 9.196595 45.49924, 9.19731 45.500449, 9.197779 45.501294, 9.198008 45.501705, 9.198096 45.501843, 9.198951 45.503355, 9.200021 45.505274, 9.200196 45.505577, 9.200645 45.506366, 9.201017 45.507015, 9.201071 45.507119, 9.201234 45.507426, 9.201782 45.508373, 9.202023 45.508766, 9.202264 45.509201, 9.202499 45.509591, 9.202734 45.510037, 9.202946 45.510397, 9.203402 45.511225, 9.204709 45.510849, 9.20585 45.510534, 9.205382 45.509672, 9.205327 45.509576, 9.206388 45.50927, 9.20715 45.510735, 9.207546 45.510627, 9.208126 45.509929, 9.209209 45.508589, 9.21047 45.5073, 9.212237 45.504691, 9.2127 45.504845, 9.213758 45.50341, 9.215525 45.500622, 9.216856 45.500248, 9.217131 45.500974, 9.217358 45.501429, 9.217585 45.501805, 9.218271 45.502622, 9.219487 45.503331, 9.222021 45.503781), (9.214952 45.499095, 9.214328 45.499724, 9.213211 45.499521, 9.212078 45.499327, 9.2123 45.498756, 9.212452 45.498353, 9.214952 45.499095)))",0,2,44,0,0,Low
5,20126,"MULTIPOLYGON (((9.227842 45.523061, 9.227315 45.521218, 9.227289 45.521122, 9.227021 45.520354, 9.226764 45.519532, 9.226539 45.518725, 9.226275 45.517933, 9.226077 45.517305, 9.225998 45.51704, 9.225892 45.516655, 9.225694 45.515991, 9.225453 45.515168, 9.225105 45.513996, 9.224774 45.512884, 9.224632 45.512391, 9.224223 45.511049, 9.224052 45.510438, 9.224008 45.510278, 9.223634 45.50891, 9.223495 45.508502, 9.223279 45.507718, 9.22305 45.507008, 9.222838 45.506351, 9.222533 45.505461, 9.222443 45.505199, 9.222359 45.504903, 9.222204 45.504422, 9.222021 45.503781, 9.219487 45.503331, 9.218271 45.502622, 9.217585 45.501805, 9.217358 45.501429, 9.217131 45.500974, 9.216856 45.500248, 9.215525 45.500622, 9.213758 45.50341, 9.2127 45.504845, 9.212237 45.504691, 9.21047 45.5073, 9.209209 45.508589, 9.208126 45.509929, 9.207546 45.510627, 9.20715 45.510735, 9.206388 45.50927, 9.205327 45.509576, 9.205382 45.509672, 9.20585 45.510534, 9.204709 45.510849, 9.203402 45.511225, 9.2041 45.512407, 9.205081 45.514161, 9.205654 45.515218, 9.206312 45.516409, 9.206875 45.517401, 9.207532 45.518538, 9.208613 45.520352, 9.209165 45.521347, 9.209812 45.522424, 9.210313 45.523412, 9.212016 45.526404, 9.212351 45.527008, 9.213835 45.529612, 9.215381 45.529636, 9.216484 45.529661, 9.216451 45.529297, 9.216497 45.529296, 9.216869 45.5293, 9.216278 45.526795, 9.219835 45.526717, 9.21943 45.525493, 9.219584 45.525015, 9.219824 45.525042, 9.220153 45.523398, 9.222742 45.523728, 9.22285 45.523684, 9.223546 45.523587, 9.223955 45.523598, 9.225561 45.523672, 9.225961 45.523294, 9.226061 45.522857, 9.227728 45.523047, 9.227842 45.523061)), ((9.214952 45.499095, 9.212452 45.498353, 9.2123 45.498756, 9.212078 45.499327, 9.213211 45.499521, 9.214328 45.499724, 9.214952 45.499095)))",0,0,23,1,23,Low
6,20127,"MULTIPOLYGON (((9.247433 45.50932, 9.246973 45.508947, 9.245148 45.507606, 9.245083 45.507558, 9.244574 45.507183, 9.24325 45.506148, 9.242636 45.505711, 9.241221 45.50463, 9.240776 45.504315, 9.240157 45.503848, 9.239955 45.503704, 9.238918 45.50288, 9.238592 45.502637, 9.237391 45.501702, 9.236615 45.501175, 9.236397 45.501001, 9.235832 45.500601, 9.235256 45.500139, 9.235033 45.5, 9.234475 45.499559, 9.233789 45.499054, 9.233702 45.498992, 9.232993 45.498463, 9.232314 45.497925, 9.231828 45.497551, 9.231504 45.497308, 9.231366 45.49722, 9.230051 45.496203, 9.229864 45.496073, 9.228886 45.495301, 9.228267 45.494856, 9.227727 45.494444, 9.227162 45.49402, 9.2267 45.493672, 9.226358 45.49342, 9.22607 45.493201, 9.225451 45.492723, 9.225241 45.492572, 9.224308 45.491868, 9.223199 45.491094, 9.222534 45.490535, 9.222363 45.49041, 9.222269 45.490348, 9.221959 45.490094, 9.221225 45.489538, 9.221003 45.489368, 9.22081 45.489248, 9.218521 45.487481, 9.217318 45.4866, 9.217895 45.486174, 9.217008 45.486137, 9.216719 45.486124, 9.215997 45.486103, 9.215286 45.48645, 9.214922 45.486642, 9.213599 45.487318, 9.212763 45.487736, 9.212446 45.487904, 9.211492 45.48837, 9.210541 45.488879, 9.209933 45.489184, 9.209728 45.489286, 9.209508 45.48939, 9.211455 45.49135, 9.211703 45.491624, 9.21264 45.49254, 9.213265 45.493139, 9.213687 45.493134, 9.215886 45.493099, 9.216218 45.492929, 9.216449 45.492816, 9.216564 45.493083, 9.216644 45.493331, 9.216711 45.493544, 9.217218 45.494951, 9.219293 45.494633, 9.219342 45.494831, 9.219361 45.494926, 9.219615 45.495771, 9.21963 45.49582, 9.219729 45.496121, 9.219772 45.496253, 9.220017 45.497002, 9.220423 45.498352, 9.220594 45.498899, 9.220788 45.499596, 9.220982 45.500194, 9.221186 45.501057, 9.221298 45.501383, 9.22152 45.502125, 9.221595 45.502398, 9.221837 45.503203, 9.221872 45.50331, 9.222021 45.503781, 9.222204 45.504422, 9.222359 45.504903, 9.222443 45.505199, 9.222533 45.505461, 9.222838 45.506351, 9.22305 45.507008, 9.223279 45.507718, 9.224234 45.507558, 9.224842 45.507472, 9.224551 45.506093, 9.224368 45.505013, 9.224511 45.50511, 9.225773 45.505261, 9.226182 45.503709, 9.227872 45.503416, 9.228193 45.503449, 9.231952 45.504065, 9.232141 45.504083, 9.233606 45.504248, 9.234443 45.504416, 9.23564 45.504642, 9.236962 45.504822, 9.237916 45.505071, 9.239074 45.505613, 9.240467 45.506266, 9.240915 45.506473, 9.242156 45.507057, 9.243777 45.507816, 9.244304 45.508063, 9.247258 45.509445, 9.247433 45.50932)))",0,1,33,0,0,Low
7,20128,"MULTIPOLYGON (((9.255382 45.520427, 9.255181 45.518917, 9.254895 45.517398, 9.255206 45.515097, 9.253932 45.514066, 9.253787 45.513611, 9.254421 45.511892, 9.254306 45.511471, 9.254143 45.511357, 9.253621 45.511175, 9.251623 45.510785, 9.248639 45.510198, 9.247491 45.509577, 9.247258 45.509445, 9.244304 45.508063, 9.243777 45.507816, 9.242156 45.507057, 9.240915 45.506473, 9.240467 45.506266, 9.239074 45.505613, 9.237916 45.505071, 9.236962 45.504822, 9.23564 45.504642, 9.234443 45.504416, 9.233606 45.504248, 9.232141 45.504083, 9.231952 45.504065, 9.228193 45.503449, 9.227872 45.503416, 9.226182 45.503709, 9.225773 45.505261, 9.224511 45.50511, 9.224368 45.505013, 9.224551 45.506093, 9.224842 45.507472, 9.224234 45.507558, 9.223279 45.507718, 9.223495 45.508502, 9.223634 45.50891, 9.224008 45.510278, 9.224052 45.510438, 9.224223 45.511049, 9.224632 45.512391, 9.224774 45.512884, 9.225105 45.513996, 9.225453 45.515168, 9.225694 45.515991, 9.225892 45.516655, 9.225998 45.51704, 9.226077 45.517305, 9.226275 45.517933, 9.226539 45.518725, 9.226764 45.519532, 9.227021 45.520354, 9.227289 45.521122, 9.227315 45.521218, 9.227842 45.523061, 9.230888 45.523152, 9.230964 45.523157, 9.231215 45.521739, 9.231313 45.521185, 9.23306 45.52129, 9.233505 45.519066, 9.234017 45.519065, 9.234654 45.51746, 9.235845 45.517687, 9.235947 45.517446, 9.237939 45.517868, 9.237636 45.51871, 9.238233 45.518813, 9.241009 45.519293, 9.242909 45.519049, 9.243043 45.519032, 9.244652 45.519029, 9.244904 45.518384, 9.245122 45.51848, 9.246116 45.518868, 9.246538 45.519021, 9.247611 45.519442, 9.249632 45.520007, 9.249807 45.519683, 9.250828 45.519856, 9.252818 45.520108, 9.255382 45.520427)))",1,0,8,2,16,Low
8,20129,"MULTIPOLYGON (((9.223931 45.462172, 9.221928 45.462196, 9.221556 45.462199, 9.220719 45.462195, 9.219849 45.462181, 9.219655 45.462184, 9.218459 45.462197, 9.21741 45.4622, 9.21611 45.462212, 9.214703 45.462212, 9.213988 45.46223, 9.213479 45.462243, 9.213009 45.462241, 9.212103 45.462259, 9.211377 45.462258, 9.210842 45.462257, 9.210391 45.462254, 9.209782 45.462257, 9.20958 45.462255, 9.208884 45.462264, 9.208171 45.462264, 9.207603 45.462269, 9.206623 45.462293, 9.206508 45.463136, 9.206471 45.463338, 9.206373 45.463879, 9.206316 45.464283, 9.206184 45.465197, 9.206101 45.465701, 9.205997 45.46653, 9.20593 45.467145, 9.205874 45.467794, 9.205759 45.468465, 9.205667 45.469516, 9.205493 45.470683, 9.20546 45.471545, 9.205454 45.471837, 9.205424 45.472432, 9.20539 45.473964, 9.205708 45.474357, 9.205233 45.474583, 9.205835 45.475219, 9.20598 45.475373, 9.206636 45.476061, 9.207136 45.476531, 9.207568 45.476921, 9.208301 45.477675, 9.209223 45.478571, 9.20946 45.478815, 9.209683 45.479009, 9.210311 45.478691, 9.210699 45.479089, 9.211223 45.479635, 9.211432 45.479846, 9.211012 45.480064, 9.211342 45.480387, 9.211159 45.480554, 9.212125 45.481538, 9.212848 45.482258, 9.214484 45.481435, 9.214778 45.481292, 9.215182 45.481068, 9.21554 45.480896, 9.21707 45.481339, 9.217078 45.481194, 9.217089 45.480292, 9.217076 45.479145, 9.217085 45.478964, 9.217121 45.478179, 9.217138 45.476766, 9.218712 45.476103, 9.218967 45.476014, 9.219445 45.475812, 9.221163 45.475066, 9.221264 45.475108, 9.221359 45.474977, 9.221646 45.474856, 9.222723 45.474407, 9.223759 45.473884, 9.223765 45.473408, 9.22376 45.472815, 9.223775 45.472568, 9.223776 45.471353, 9.222541 45.471387, 9.222525 45.470872, 9.222538 45.469502, 9.223824 45.46889, 9.223832 45.468749, 9.223829 45.468058, 9.223848 45.466715, 9.223862 45.466021, 9.223866 45.465562, 9.223915 45.464146, 9.223929 45.46368, 9.223918 45.463556, 9.223917 45.463282, 9.223931 45.462172)))",0,2,45,0,0,Low
9,20131,"MULTIPOLYGON (((9.236765 45.485569, 9.235853 45.485135, 9.235773 45.484522, 9.236578 45.484162, 9.23656 45.483896, 9.236563 45.483197, 9.236404 45.483163, 9.235366 45.48288, 9.235415 45.481468, 9.235416 45.481059, 9.234316 45.48095, 9.234296 45.48151, 9.234287 45.481729, 9.23429 45.482423, 9.234302 45.482658, 9.233556 45.482473, 9.232746 45.482278, 9.232572 45.482232, 9.232217 45.48215, 9.229965 45.482075, 9.229956 45.482488, 9.229363 45.482296, 9.228918 45.48215, 9.22893 45.481047, 9.228014 45.481053, 9.226512 45.481025, 9.226514 45.480265, 9.226543 45.479285, 9.225792 45.479225, 9.225025 45.479633, 9.223697 45.480311, 9.221252 45.480315, 9.221255 45.47918, 9.220251 45.479174, 9.21941 45.479173, 9.217076 45.479145, 9.217089 45.480292, 9.217078 45.481194, 9.21707 45.481339, 9.21554 45.480896, 9.215182 45.481068, 9.214778 45.481292, 9.214484 45.481435, 9.212848 45.482258, 9.213581 45.483018, 9.213867 45.48329, 9.214625 45.484024, 9.215177 45.484556, 9.215551 45.484963, 9.216396 45.485829, 9.216719 45.486124, 9.217008 45.486137, 9.217895 45.486174, 9.217318 45.4866, 9.218521 45.487481, 9.22081 45.489248, 9.221003 45.489368, 9.221225 45.489538, 9.221959 45.490094, 9.222269 45.490348, 9.222363 45.49041, 9.222534 45.490535, 9.223199 45.491094, 9.224308 45.491868, 9.225241 45.492572, 9.225451 45.492723, 9.22607 45.493201, 9.226358 45.49342, 9.2267 45.493672, 9.227162 45.49402, 9.227727 45.494444, 9.228267 45.494856, 9.229855 45.493184, 9.229161 45.4927, 9.229387 45.492571, 9.229106 45.492456, 9.22922 45.492085, 9.229865 45.492302, 9.23047 45.492504, 9.230925 45.491971, 9.231176 45.491709, 9.230354 45.491391, 9.230523 45.490655, 9.231302 45.490784, 9.232211 45.490584, 9.232568 45.490162, 9.232854 45.489808, 9.233021 45.48961, 9.233533 45.48902, 9.234505 45.488024, 9.234958 45.487569, 9.236334 45.486138, 9.236765 45.485569)))",0,1,32,1,32,Medium
10,20132,"MULTIPOLYGON (((9.27793 45.505571, 9.277613 45.503628, 9.276244 45.50364, 9.276044 45.502579, 9.274344 45.502484, 9.274226 45.501962, 9.271799 45.502165, 9.271775 45.502706, 9.27258 45.505611, 9.270319 45.505855, 9.267993 45.505919, 9.266931 45.505422, 9.263142 45.504709, 9.261322 45.504379, 9.259829 45.504036, 9.258954 45.504182, 9.25837 45.504503, 9.256174 45.50153, 9.255031 45.501431, 9.254356 45.5006, 9.252806 45.500566, 9.252339 45.500771, 9.251616 45.500932, 9.251321 45.501673, 9.251062 45.501612, 9.249752 45.501338, 9.247493 45.500666, 9.244458 45.499887, 9.243867 45.499745, 9.241964 45.499466, 9.239495 45.497549, 9.240002 45.495713, 9.24019 45.494933, 9.240674 45.494751, 9.240792 45.494243, 9.24109 45.493147, 9.241304 45.491251, 9.240227 45.491203, 9.238253 45.491132, 9.236998 45.491089, 9.237023 45.490519, 9.237072 45.489282, 9.23712 45.488579, 9.23714 45.488257, 9.23719 45.486993, 9.23722 45.486095, 9.236334 45.486138, 9.234958 45.487569, 9.234505 45.488024, 9.233533 45.48902, 9.233021 45.48961, 9.232854 45.489808, 9.232568 45.490162, 9.232211 45.490584, 9.231302 45.490784, 9.230523 45.490655, 9.230354 45.491391, 9.231176 45.491709, 9.230925 45.491971, 9.23047 45.492504, 9.229865 45.492302, 9.22922 45.492085, 9.229106 45.492456, 9.229387 45.492571, 9.229161 45.4927, 9.229855 45.493184, 9.228267 45.494856, 9.228886 45.495301, 9.229864 45.496073, 9.230051 45.496203, 9.231366 45.49722, 9.231504 45.497308, 9.231828 45.497551, 9.232314 45.497925, 9.232993 45.498463, 9.233702 45.498992, 9.233789 45.499054, 9.234475 45.499559, 9.235033 45.5, 9.235256 45.500139, 9.235832 45.500601, 9.236397 45.501001, 9.236615 45.501175, 9.237391 45.501702, 9.238592 45.502637, 9.238918 45.50288, 9.239955 45.503704, 9.240157 45.503848, 9.240776 45.504315, 9.241221 45.50463, 9.242636 45.505711, 9.24325 45.506148, 9.244574 45.507183, 9.245083 45.507558, 9.245148 45.507606, 9.246973 45.508947, 9.247433 45.50932, 9.247258 45.509445, 9.247491 45.509577, 9.248639 45.510198, 9.251623 45.510785, 9.253621 45.511175, 9.254143 45.511357, 9.254306 45.511471, 9.254421 45.511892, 9.253787 45.513611, 9.253932 45.514066, 9.255206 45.515097, 9.254895 45.517398, 9.255181 45.518917, 9.256875 45.518241, 9.257493 45.518258, 9.25882 45.518898, 9.258654 45.519044, 9.26066 45.519622, 9.261107 45.519545, 9.261067 45.519126, 9.261417 45.518847, 9.262074 45.518742, 9.26227 45.518363, 9.261815 45.516906, 9.262157 45.51664, 9.262109 45.516235, 9.262566 45.515784, 9.264147 45.515775, 9.264919 45.516055, 9.268113 45.516054, 9.26837 45.516796, 9.268453 45.516772, 9.268857 45.516764, 9.268952 45.516087, 9.269081 45.515566, 9.268769 45.514277, 9.268504 45.512483, 9.267269 45.512346, 9.267603 45.511627, 9.267472 45.51052, 9.268953 45.510389, 9.269568 45.510335, 9.26987 45.509209, 9.271023 45.509261, 9.271173 45.508624, 9.271625 45.50673, 9.274644 45.506264, 9.275627 45.505793, 9.27793 45.505571)))",0,0,17,0,0,Low
11,20133,"MULTIPOLYGON (((9.238653 45.478793, 9.23824 45.474556, 9.238189 45.473598, 9.238111 45.471889, 9.238045 45.470951, 9.23799 45.469709, 9.237959 45.468884, 9.237947 45.468514, 9.23793 45.468133, 9.237856 45.466289, 9.23783 45.465517, 9.237619 45.462066, 9.23519 45.462055, 9.23413 45.462104, 9.232511 45.462234, 9.232091 45.462241, 9.231024 45.46225, 9.230232 45.462267, 9.22827 45.462267, 9.22781 45.462268, 9.227009 45.462146, 9.226209 45.462152, 9.225798 45.462164, 9.225042 45.462158, 9.223931 45.462172, 9.223917 45.463282, 9.223918 45.463556, 9.223929 45.46368, 9.223915 45.464146, 9.223866 45.465562, 9.223862 45.466021, 9.223848 45.466715, 9.223829 45.468058, 9.223832 45.468749, 9.223824 45.46889, 9.222538 45.469502, 9.222525 45.470872, 9.222541 45.471387, 9.223776 45.471353, 9.223775 45.472568, 9.22376 45.472815, 9.223765 45.473408, 9.223759 45.473884, 9.222723 45.474407, 9.221646 45.474856, 9.221359 45.474977, 9.221264 45.475108, 9.221163 45.475066, 9.219445 45.475812, 9.218967 45.476014, 9.218712 45.476103, 9.217138 45.476766, 9.217121 45.478179, 9.217085 45.478964, 9.217076 45.479145, 9.21941 45.479173, 9.220251 45.479174, 9.221255 45.47918, 9.221252 45.480315, 9.223697 45.480311, 9.225025 45.479633, 9.225792 45.479225, 9.226543 45.479285, 9.226514 45.480265, 9.226512 45.481025, 9.228014 45.481053, 9.22893 45.481047, 9.228918 45.48215, 9.229363 45.482296, 9.229956 45.482488, 9.229965 45.482075, 9.232217 45.48215, 9.232572 45.482232, 9.232746 45.482278, 9.233556 45.482473, 9.234302 45.482658, 9.23429 45.482423, 9.234287 45.481729, 9.234296 45.48151, 9.234316 45.48095, 9.235416 45.481059, 9.235415 45.481468, 9.235366 45.48288, 9.236404 45.483163, 9.236563 45.483197, 9.23656 45.483896, 9.236578 45.484162, 9.235773 45.484522, 9.235853 45.485135, 9.236765 45.485569, 9.238099 45.483568, 9.238474 45.482079, 9.238653 45.478793)))",0,1,38,1,38,Medium
12,20134,"MULTIPOLYGON (((9.271809 45.468394, 9.271334 45.468156, 9.271134 45.467617, 9.271568 45.465406, 9.27175 45.464138, 9.271517 45.462292, 9.271691 45.461913, 9.271744 45.461827, 9.26169 45.461912, 9.257374 45.46193, 9.254848 45.461949, 9.252998 45.461981, 9.251312 45.461981, 9.248563 45.46199, 9.247572 45.461998, 9.245401 45.462011, 9.244729 45.462027, 9.243182 45.462027, 9.242469 45.462044, 9.240847 45.462059, 9.239773 45.462057, 9.238531 45.462059, 9.237619 45.462066, 9.23783 45.465517, 9.237856 45.466289, 9.23793 45.468133, 9.237947 45.468514, 9.237959 45.468884, 9.23799 45.469709, 9.238045 45.470951, 9.238111 45.471889, 9.238189 45.473598, 9.23824 45.474556, 9.238653 45.478793, 9.238474 45.482079, 9.238099 45.483568, 9.236765 45.485569, 9.236334 45.486138, 9.23722 45.486095, 9.23719 45.486993, 9.23714 45.488257, 9.23712 45.488579, 9.237072 45.489282, 9.237023 45.490519, 9.236998 45.491089, 9.238253 45.491132, 9.240227 45.491203, 9.241304 45.491251, 9.24109 45.493147, 9.240792 45.494243, 9.240674 45.494751, 9.24019 45.494933, 9.240002 45.495713, 9.239495 45.497549, 9.241964 45.499466, 9.243867 45.499745, 9.244458 45.499887, 9.247493 45.500666, 9.249752 45.501338, 9.251062 45.501612, 9.251321 45.501673, 9.251616 45.500932, 9.252339 45.500771, 9.252806 45.500566, 9.254356 45.5006, 9.255031 45.501431, 9.256174 45.50153, 9.25837 45.504503, 9.258954 45.504182, 9.259829 45.504036, 9.261322 45.504379, 9.261282 45.502726, 9.260895 45.501221, 9.260354 45.499843, 9.261172 45.497328, 9.262082 45.495006, 9.261557 45.494869, 9.260895 45.491049, 9.260449 45.49041, 9.258124 45.489672, 9.258413 45.487553, 9.258423 45.487476, 9.258469 45.487141, 9.258837 45.484428, 9.259267 45.484181, 9.264095 45.484069, 9.264881 45.484054, 9.264737 45.480286, 9.264699 45.47923, 9.261717 45.479129, 9.261575 45.477481, 9.261487 45.476456, 9.260502 45.476512, 9.26075 45.473941, 9.261007 45.471429, 9.265001 45.471773, 9.267533 45.472088, 9.268156 45.472174, 9.268915 45.472498, 9.269943 45.472397, 9.271399 45.472315, 9.271431 45.470771, 9.271809 45.468394)))",0,0,9,0,0,Low
13,20135,"MULTIPOLYGON (((9.221971 45.460613, 9.22026 45.460598, 9.217428 45.460557, 9.217411 45.458597, 9.217379 45.45825, 9.219333 45.457631, 9.219356 45.456931, 9.219345 45.456522, 9.219345 45.456169, 9.217498 45.45591, 9.217354 45.45589, 9.216652 45.455806, 9.216613 45.45573, 9.217224 45.455307, 9.216945 45.455142, 9.217198 45.454965, 9.216662 45.454671, 9.216254 45.454779, 9.215461 45.453896, 9.21497 45.453333, 9.214775 45.453073, 9.214411 45.452646, 9.213836 45.451983, 9.213429 45.451444, 9.2128 45.450668, 9.211929 45.449566, 9.211551 45.449121, 9.211431 45.448967, 9.210414 45.447802, 9.210049 45.447392, 9.210202 45.44731, 9.210692 45.44704, 9.211759 45.446391, 9.212533 45.445903, 9.204505 45.445492, 9.198386 45.445268, 9.198059 45.4465, 9.19781 45.44737, 9.197719 45.447692, 9.197462 45.448633, 9.197346 45.449081, 9.19726 45.449357, 9.196939 45.450556, 9.196897 45.450763, 9.196851 45.450933, 9.197161 45.450933, 9.197133 45.451293, 9.197483 45.451332, 9.200493 45.45123, 9.200522 45.451944, 9.201177 45.451966, 9.201886 45.452386, 9.202186 45.452836, 9.202398 45.453575, 9.202741 45.454202, 9.203602 45.453947, 9.203929 45.454552, 9.204248 45.455128, 9.204973 45.456454, 9.205702 45.457797, 9.205899 45.458149, 9.205174 45.458483, 9.206477 45.460009, 9.206779 45.46054, 9.206837 45.461089, 9.206733 45.461735, 9.206623 45.462293, 9.207603 45.462269, 9.208171 45.462264, 9.208884 45.462264, 9.20958 45.462255, 9.209782 45.462257, 9.210391 45.462254, 9.210842 45.462257, 9.211377 45.462258, 9.212103 45.462259, 9.213009 45.462241, 9.213479 45.462243, 9.213988 45.46223, 9.214703 45.462212, 9.21611 45.462212, 9.21741 45.4622, 9.218459 45.462197, 9.219655 45.462184, 9.219849 45.462181, 9.220719 45.462195, 9.221556 45.462199, 9.221928 45.462196, 9.221928 45.460807, 9.221971 45.460613)))",0,1,37,1,37,Medium
14,20136,"MULTIPOLYGON (((9.198059 45.4465, 9.196136 45.446404, 9.194561 45.446316, 9.19107 45.446187, 9.187595 45.445784, 9.186421 45.445404, 9.185933 45.44523, 9.18506 45.44495, 9.1838 45.444585, 9.182698 45.444242, 9.18114 45.443746, 9.1802 45.443547, 9.179034 45.443528, 9.176075 45.443665, 9.176137 45.443864, 9.176531 45.445453, 9.176557 45.445576, 9.176927 45.447156, 9.177006 45.447485, 9.177063 45.44778, 9.177344 45.448909, 9.177581 45.449933, 9.177884 45.451246, 9.177927 45.451446, 9.177977 45.451636, 9.178128 45.452275, 9.17896 45.452368, 9.180188 45.45231, 9.181009 45.452258, 9.181091 45.45281, 9.18409 45.452551, 9.184541 45.452518, 9.184702 45.452501, 9.185791 45.452422, 9.186008 45.45241, 9.186771 45.452352, 9.187685 45.452176, 9.188625 45.452049, 9.189581 45.451977, 9.190369 45.45195, 9.190408 45.450937, 9.192704 45.450933, 9.192722 45.451975, 9.193996 45.451982, 9.194159 45.451985, 9.194397 45.451988, 9.19655 45.45204, 9.196768 45.451226, 9.196851 45.450933, 9.196897 45.450763, 9.196939 45.450556, 9.19726 45.449357, 9.197346 45.449081, 9.197462 45.448633, 9.197719 45.447692, 9.19781 45.44737, 9.198059 45.4465)))",1,2,39,2,78,Medium
15,20137,"MULTIPOLYGON (((9.237619 45.462066, 9.23756 45.461055, 9.237499 45.460207, 9.237497 45.457823, 9.237425 45.456276, 9.237414 45.455881, 9.237288 45.45382, 9.236861 45.450872, 9.235817 45.448724, 9.234307 45.447529, 9.232719 45.446891, 9.232286 45.446772, 9.230943 45.447176, 9.229435 45.448053, 9.22943 45.447273, 9.229402 45.446606, 9.228665 45.446568, 9.227711 45.446528, 9.226341 45.446469, 9.224143 45.446377, 9.221607 45.44626, 9.220756 45.446234, 9.219916 45.446194, 9.216408 45.446048, 9.214687 45.445975, 9.213279 45.445934, 9.212698 45.445796, 9.212533 45.445903, 9.211759 45.446391, 9.210692 45.44704, 9.210202 45.44731, 9.210049 45.447392, 9.210414 45.447802, 9.211431 45.448967, 9.211551 45.449121, 9.211929 45.449566, 9.2128 45.450668, 9.213429 45.451444, 9.213836 45.451983, 9.214411 45.452646, 9.214775 45.453073, 9.21497 45.453333, 9.215461 45.453896, 9.216254 45.454779, 9.216662 45.454671, 9.217198 45.454965, 9.216945 45.455142, 9.217224 45.455307, 9.216613 45.45573, 9.216652 45.455806, 9.217354 45.45589, 9.217498 45.45591, 9.219345 45.456169, 9.219345 45.456522, 9.219356 45.456931, 9.219333 45.457631, 9.217379 45.45825, 9.217411 45.458597, 9.217428 45.460557, 9.22026 45.460598, 9.221971 45.460613, 9.221928 45.460807, 9.221928 45.462196, 9.223931 45.462172, 9.225042 45.462158, 9.225798 45.462164, 9.226209 45.462152, 9.227009 45.462146, 9.22781 45.462268, 9.22827 45.462267, 9.230232 45.462267, 9.231024 45.46225, 9.232091 45.462241, 9.232511 45.462234, 9.23413 45.462104, 9.23519 45.462055, 9.237619 45.462066)))",2,1,29,3,87,Medium
16,20138,"MULTIPOLYGON (((9.272235 45.460562, 9.270443 45.460395, 9.270194 45.459063, 9.26936 45.458561, 9.269383 45.457949, 9.268076 45.457538, 9.264581 45.457229, 9.264203 45.455342, 9.263726 45.454533, 9.264549 45.452704, 9.265074 45.452604, 9.265273 45.452077, 9.264902 45.451579, 9.264949 45.451494, 9.265219 45.451019, 9.266204 45.451071, 9.266393 45.450485, 9.267157 45.449789, 9.266478 45.446885, 9.266716 45.44433, 9.266712 45.44212, 9.266977 45.439923, 9.266678 45.437784, 9.26657 45.437467, 9.266351 45.436822, 9.266957 45.435245, 9.263886 45.43258, 9.263805 45.432508, 9.26174 45.431261, 9.26027 45.43046, 9.259389 45.430295, 9.258532 45.429475, 9.257319 45.428728, 9.256145 45.428102, 9.254037 45.426972, 9.253249 45.426241, 9.252608 45.425952, 9.252442 45.425883, 9.25179 45.425604, 9.252812 45.424623, 9.253897 45.423582, 9.251875 45.423011, 9.250824 45.422778, 9.249278 45.423502, 9.247886 45.423739, 9.246671 45.423625, 9.245561 45.423159, 9.245355 45.425019, 9.245652 45.426606, 9.243848 45.429701, 9.242936 45.430518, 9.241239 45.429842, 9.240258 45.429633, 9.239913 45.431252, 9.239368 45.432989, 9.238313 45.435985, 9.236796 45.439425, 9.23587 45.441976, 9.2353 45.443576, 9.235032 45.444144, 9.234822 45.445698, 9.234823 45.445888, 9.232286 45.446772, 9.232719 45.446891, 9.234307 45.447529, 9.235817 45.448724, 9.236861 45.450872, 9.237288 45.45382, 9.237414 45.455881, 9.237425 45.456276, 9.237497 45.457823, 9.237499 45.460207, 9.23756 45.461055, 9.237619 45.462066, 9.238531 45.462059, 9.239773 45.462057, 9.240847 45.462059, 9.242469 45.462044, 9.243182 45.462027, 9.244729 45.462027, 9.245401 45.462011, 9.247572 45.461998, 9.248563 45.46199, 9.251312 45.461981, 9.252998 45.461981, 9.254848 45.461949, 9.257374 45.46193, 9.26169 45.461912, 9.271744 45.461827, 9.272235 45.460562)))",0,0,12,1,12,Low
17,20139,"MULTIPOLYGON (((9.250205 45.414616, 9.2479 45.413127, 9.247094 45.413048, 9.246069 45.41224, 9.245506 45.412106, 9.244345 45.412622, 9.24391 45.412551, 9.242681 45.411018, 9.243033 45.410518, 9.242621 45.409817, 9.240061 45.408751, 9.237408 45.409927, 9.233686 45.409133, 9.231447 45.408022, 9.227461 45.40803, 9.225593 45.407602, 9.224143 45.409135, 9.223179 45.409661, 9.225233 45.410615, 9.232301 45.414189, 9.231618 45.414641, 9.231242 45.414455, 9.229856 45.415375, 9.228269 45.41412, 9.223628 45.417217, 9.222959 45.418311, 9.224529 45.418992, 9.222308 45.420986, 9.224053 45.421418, 9.223834 45.421884, 9.222235 45.424965, 9.224683 45.424307, 9.225037 45.42454, 9.223814 45.427468, 9.224036 45.427599, 9.22326 45.428679, 9.224364 45.429075, 9.224689 45.429765, 9.224352 45.430609, 9.2222 45.429848, 9.221973 45.430098, 9.221197 45.430226, 9.219492 45.431727, 9.218681 45.432312, 9.219627 45.432803, 9.219252 45.433053, 9.217998 45.433972, 9.216581 45.433883, 9.216578 45.434452, 9.216526 45.435853, 9.215924 45.435685, 9.215526 45.436306, 9.214384 45.435946, 9.214402 45.43573, 9.21344 45.435407, 9.213104 45.435338, 9.212881 45.435342, 9.209726 45.434501, 9.206823 45.433548, 9.206289 45.433701, 9.204854 45.43343, 9.204616 45.433634, 9.202772 45.434473, 9.204636 45.434667, 9.204417 45.435613, 9.204315 45.436425, 9.20412 45.437324, 9.203955 45.438227, 9.203863 45.439405, 9.203537 45.439415, 9.200093 45.438898, 9.199853 45.440094, 9.199442 45.441522, 9.198921 45.443392, 9.198386 45.445268, 9.204505 45.445492, 9.212533 45.445903, 9.212698 45.445796, 9.213279 45.445934, 9.214687 45.445975, 9.216408 45.446048, 9.219916 45.446194, 9.220756 45.446234, 9.221607 45.44626, 9.224143 45.446377, 9.226341 45.446469, 9.227711 45.446528, 9.228665 45.446568, 9.229402 45.446606, 9.22943 45.447273, 9.229435 45.448053, 9.230943 45.447176, 9.232286 45.446772, 9.234823 45.445888, 9.234822 45.445698, 9.235032 45.444144, 9.2353 45.443576, 9.23587 45.441976, 9.236796 45.439425, 9.238313 45.435985, 9.239368 45.432989, 9.239913 45.431252, 9.240258 45.429633, 9.241239 45.429842, 9.242936 45.430518, 9.243848 45.429701, 9.245652 45.426606, 9.245355 45.425019, 9.245561 45.423159, 9.240057 45.419752, 9.240401 45.419627, 9.245136 45.417487, 9.247646 45.416422, 9.250205 45.414616)))",0,2,48,0,0,Low
18,20141,"MULTIPOLYGON (((9.232301 45.414189, 9.225233 45.410615, 9.223179 45.409661, 9.22288 45.40988, 9.220411 45.408748, 9.217834 45.407576, 9.218001 45.407177, 9.218559 45.405851, 9.216688 45.404495, 9.215916 45.403012, 9.215849 45.402229, 9.216088 45.401157, 9.218453 45.398344, 9.218732 45.397867, 9.218533 45.397817, 9.214846 45.397055, 9.214707 45.397532, 9.213243 45.397298, 9.210508 45.39686, 9.210043 45.396786, 9.209714 45.397587, 9.208101 45.39715, 9.208867 45.396463, 9.209158 45.395833, 9.209001 45.395215, 9.208425 45.3946, 9.208521 45.392935, 9.206295 45.392174, 9.205979 45.393003, 9.204831 45.393446, 9.203763 45.394888, 9.203461 45.395978, 9.202531 45.396731, 9.202234 45.397564, 9.203813 45.397552, 9.203847 45.398266, 9.204502 45.399767, 9.204427 45.400471, 9.199958 45.399828, 9.199834 45.400103, 9.198843 45.39988, 9.198777 45.401677, 9.20187 45.401595, 9.20155 45.402218, 9.200439 45.404085, 9.200354 45.409717, 9.200342 45.411314, 9.201143 45.411617, 9.200355 45.41307, 9.200828 45.413452, 9.198409 45.414886, 9.199475 45.415777, 9.198074 45.416638, 9.200211 45.418221, 9.197023 45.41865, 9.195955 45.417719, 9.196552 45.417103, 9.195673 45.416739, 9.194713 45.416732, 9.194609 45.418098, 9.193112 45.418039, 9.193068 45.418485, 9.192671 45.419546, 9.188299 45.416989, 9.187352 45.416437, 9.188239 45.415564, 9.188484 45.413929, 9.186614 45.413677, 9.185359 45.414356, 9.184838 45.41498, 9.184205 45.415836, 9.1875 45.418239, 9.187029 45.419081, 9.18824 45.41985, 9.18885 45.420641, 9.188422 45.42147, 9.187274 45.423949, 9.189195 45.425211, 9.187931 45.426331, 9.185862 45.425203, 9.184251 45.426489, 9.183433 45.426096, 9.182608 45.426996, 9.182733 45.429977, 9.181815 45.429984, 9.179668 45.429994, 9.178452 45.429996, 9.177721 45.429984, 9.176529 45.430007, 9.175816 45.430014, 9.174166 45.430033, 9.173186 45.430045, 9.172713 45.430052, 9.172351 45.430134, 9.17197 45.43037, 9.172832 45.431932, 9.173462 45.432987, 9.173678 45.433456, 9.17381 45.434032, 9.174042 45.434915, 9.174066 45.435007, 9.174143 45.43533, 9.174163 45.43538, 9.174357 45.43622, 9.174678 45.437604, 9.174785 45.438072, 9.175123 45.43958, 9.175385 45.440669, 9.175497 45.441168, 9.175633 45.441801, 9.175897 45.442873, 9.176075 45.443665, 9.179034 45.443528, 9.1802 45.443547, 9.18114 45.443746, 9.182698 45.444242, 9.1838 45.444585, 9.18506 45.44495, 9.185933 45.44523, 9.186421 45.445404, 9.187595 45.445784, 9.19107 45.446187, 9.194561 45.446316, 9.196136 45.446404, 9.198059 45.4465, 9.198386 45.445268, 9.198921 45.443392, 9.199442 45.441522, 9.199853 45.440094, 9.200093 45.438898, 9.203537 45.439415, 9.203863 45.439405, 9.203955 45.438227, 9.20412 45.437324, 9.204315 45.436425, 9.204417 45.435613, 9.204636 45.434667, 9.202772 45.434473, 9.204616 45.433634, 9.204854 45.43343, 9.206289 45.433701, 9.206823 45.433548, 9.209726 45.434501, 9.212881 45.435342, 9.213104 45.435338, 9.21344 45.435407, 9.214402 45.43573, 9.214384 45.435946, 9.215526 45.436306, 9.215924 45.435685, 9.216526 45.435853, 9.216578 45.434452, 9.216581 45.433883, 9.217998 45.433972, 9.219252 45.433053, 9.219627 45.432803, 9.218681 45.432312, 9.219492 45.431727, 9.221197 45.430226, 9.221973 45.430098, 9.2222 45.429848, 9.224352 45.430609, 9.224689 45.429765, 9.224364 45.429075, 9.22326 45.428679, 9.224036 45.427599, 9.223814 45.427468, 9.225037 45.42454, 9.224683 45.424307, 9.222235 45.424965, 9.223834 45.421884, 9.224053 45.421418, 9.222308 45.420986, 9.224529 45.418992, 9.222959 45.418311, 9.223628 45.417217, 9.228269 45.41412, 9.229856 45.415375, 9.231242 45.414455, 9.231618 45.414641, 9.232301 45.414189)))",0,2,51,1,51,Medium
19,20142,"MULTIPOLYGON (((9.204502 45.399767, 9.203847 45.398266, 9.203813 45.397552, 9.202234 45.397564, 9.20185 45.397567, 9.200444 45.397615, 9.199868 45.395034, 9.201392 45.392817, 9.201645 45.392115, 9.201202 45.391459, 9.199119 45.389374, 9.194744 45.387509, 9.192532 45.387107, 9.191858 45.388043, 9.191109 45.388287, 9.190666 45.390159, 9.191392 45.390729, 9.191328 45.3911, 9.191094 45.391963, 9.191262 45.392426, 9.190359 45.392779, 9.188319 45.391649, 9.186989 45.390994, 9.18636 45.391512, 9.186129 45.390171, 9.185671 45.389897, 9.182553 45.390573, 9.182174 45.390771, 9.182582 45.391913, 9.178801 45.393377, 9.178149 45.393528, 9.173129 45.39449, 9.172947 45.394525, 9.173066 45.395465, 9.173401 45.398446, 9.173624 45.400772, 9.17247 45.400775, 9.170543 45.40078, 9.170792 45.402833, 9.168203 45.402202, 9.167491 45.401307, 9.166566 45.400872, 9.166629 45.400512, 9.165583 45.400502, 9.165277 45.4005, 9.166388 45.402218, 9.165627 45.403078, 9.164395 45.403535, 9.164085 45.403103, 9.163067 45.403411, 9.160013 45.402997, 9.158174 45.402581, 9.158619 45.401738, 9.156853 45.401147, 9.156481 45.401357, 9.155892 45.401544, 9.157808 45.402859, 9.157994 45.402995, 9.156901 45.404082, 9.157583 45.405264, 9.158908 45.407542, 9.159191 45.40809, 9.158939 45.408166, 9.15854 45.408283, 9.158526 45.4093, 9.157389 45.412438, 9.155515 45.412603, 9.15545 45.414039, 9.154634 45.416174, 9.154148 45.415637, 9.153074 45.415301, 9.152686 45.415205, 9.152023 45.416347, 9.149626 45.415212, 9.150703 45.414698, 9.150365 45.414447, 9.148134 45.413891, 9.147245 45.415807, 9.144781 45.418296, 9.141479 45.417185, 9.141357 45.417485, 9.140109 45.417172, 9.139318 45.416482, 9.139042 45.417837, 9.13606 45.417493, 9.137885 45.415386, 9.133424 45.414183, 9.131553 45.41598, 9.130292 45.417288, 9.130508 45.417359, 9.130673 45.419355, 9.130495 45.420572, 9.130945 45.420627, 9.130699 45.42162, 9.131055 45.421454, 9.131278 45.42072, 9.131986 45.420783, 9.132032 45.421281, 9.132295 45.421346, 9.132106 45.42328, 9.132042 45.42364, 9.128401 45.425805, 9.128177 45.426102, 9.127793 45.426433, 9.126767 45.428273, 9.126689 45.429885, 9.126703 45.43006, 9.126674 45.430109, 9.125681 45.430967, 9.125641 45.431003, 9.121251 45.434708, 9.122127 45.435168, 9.121551 45.436205, 9.120774 45.437516, 9.122644 45.438061, 9.124226 45.438537, 9.12638 45.439587, 9.127614 45.440506, 9.128066 45.440732, 9.129314 45.441116, 9.130027 45.441339, 9.132157 45.442031, 9.134181 45.442751, 9.136359 45.443584, 9.137185 45.442236, 9.137437 45.441299, 9.137911 45.44031, 9.137208 45.440105, 9.136791 45.440242, 9.135497 45.439939, 9.135675 45.438626, 9.136677 45.438914, 9.138421 45.43945, 9.139325 45.437968, 9.139887 45.438104, 9.142504 45.438897, 9.144386 45.437322, 9.146736 45.436793, 9.147219 45.436816, 9.147151 45.437456, 9.147095 45.438308, 9.148576 45.4387, 9.148738 45.438743, 9.149281 45.438892, 9.149779 45.439028, 9.150196 45.439139, 9.151936 45.439592, 9.15277 45.438877, 9.154246 45.437756, 9.154219 45.437072, 9.154628 45.437081, 9.155142 45.4371, 9.155503 45.437114, 9.15632 45.437144, 9.157205 45.437177, 9.158461 45.437228, 9.159164 45.437251, 9.159681 45.437271, 9.16061 45.4373, 9.160748 45.437305, 9.161789 45.437334, 9.16273 45.437356, 9.164997 45.43744, 9.166341 45.437513, 9.166486 45.438476, 9.167013 45.439097, 9.167143 45.440229, 9.167765 45.441423, 9.167809 45.442014, 9.167786 45.443258, 9.172694 45.443012, 9.173896 45.442962, 9.175897 45.442873, 9.175633 45.441801, 9.175497 45.441168, 9.175385 45.440669, 9.175123 45.43958, 9.174785 45.438072, 9.174678 45.437604, 9.174357 45.43622, 9.174163 45.43538, 9.174143 45.43533, 9.174066 45.435007, 9.174042 45.434915, 9.17381 45.434032, 9.173678 45.433456, 9.173462 45.432987, 9.172832 45.431932, 9.17197 45.43037, 9.172351 45.430134, 9.172713 45.430052, 9.173186 45.430045, 9.174166 45.430033, 9.175816 45.430014, 9.176529 45.430007, 9.177721 45.429984, 9.178452 45.429996, 9.179668 45.429994, 9.181815 45.429984, 9.182733 45.429977, 9.182608 45.426996, 9.183433 45.426096, 9.184251 45.426489, 9.185862 45.425203, 9.187931 45.426331, 9.189195 45.425211, 9.187274 45.423949, 9.188422 45.42147, 9.18885 45.420641, 9.18824 45.41985, 9.187029 45.419081, 9.1875 45.418239, 9.184205 45.415836, 9.184838 45.41498, 9.185359 45.414356, 9.186614 45.413677, 9.188484 45.413929, 9.188239 45.415564, 9.187352 45.416437, 9.188299 45.416989, 9.192671 45.419546, 9.193068 45.418485, 9.193112 45.418039, 9.194609 45.418098, 9.194713 45.416732, 9.195673 45.416739, 9.196552 45.417103, 9.195955 45.417719, 9.197023 45.41865, 9.200211 45.418221, 9.198074 45.416638, 9.199475 45.415777, 9.198409 45.414886, 9.200828 45.413452, 9.200355 45.41307, 9.201143 45.411617, 9.200342 45.411314, 9.200354 45.409717, 9.200439 45.404085, 9.20155 45.402218, 9.20187 45.401595, 9.198777 45.401677, 9.198843 45.39988, 9.199834 45.400103, 9.199958 45.399828, 9.204427 45.400471, 9.204502 45.399767)))",0,0,23,1,23,Low
20,20143,"MULTIPOLYGON (((9.178128 45.452275, 9.177977 45.451636, 9.177927 45.451446, 9.177884 45.451246, 9.177581 45.449933, 9.177344 45.448909, 9.177063 45.44778, 9.177006 45.447485, 9.176927 45.447156, 9.176557 45.445576, 9.176531 45.445453, 9.176137 45.443864, 9.176075 45.443665, 9.175897 45.442873, 9.173896 45.442962, 9.172694 45.443012, 9.167786 45.443258, 9.167809 45.442014, 9.167765 45.441423, 9.167143 45.440229, 9.167013 45.439097, 9.166486 45.438476, 9.166341 45.437513, 9.164997 45.43744, 9.16273 45.437356, 9.161789 45.437334, 9.160748 45.437305, 9.16061 45.4373, 9.159681 45.437271, 9.159164 45.437251, 9.158461 45.437228, 9.157205 45.437177, 9.15632 45.437144, 9.155503 45.437114, 9.155142 45.4371, 9.154628 45.437081, 9.154219 45.437072, 9.154246 45.437756, 9.15277 45.438877, 9.151936 45.439592, 9.150196 45.439139, 9.149779 45.439028, 9.149281 45.438892, 9.148738 45.438743, 9.148576 45.4387, 9.147095 45.438308, 9.147151 45.437456, 9.147219 45.436816, 9.146736 45.436793, 9.144386 45.437322, 9.142504 45.438897, 9.139887 45.438104, 9.139325 45.437968, 9.138421 45.43945, 9.136677 45.438914, 9.135675 45.438626, 9.135497 45.439939, 9.136791 45.440242, 9.137208 45.440105, 9.137911 45.44031, 9.137437 45.441299, 9.137185 45.442236, 9.136359 45.443584, 9.138624 45.444144, 9.138833 45.444191, 9.142407 45.444955, 9.144267 45.445341, 9.146016 45.445696, 9.14692 45.445891, 9.153423 45.447254, 9.154604 45.447513, 9.154982 45.447587, 9.155764 45.447749, 9.156153 45.447836, 9.156695 45.447957, 9.158391 45.448336, 9.160142 45.448711, 9.162126 45.449107, 9.16388 45.449482, 9.166117 45.449958, 9.167934 45.450343, 9.169471 45.450658, 9.170064 45.450783, 9.171313 45.451039, 9.171581 45.451092, 9.173817 45.451552, 9.174257 45.451629, 9.177225 45.452295, 9.178128 45.452275)))",2,2,40,3,120,High
21,20144,"MULTIPOLYGON (((9.177225 45.452295, 9.174257 45.451629, 9.173817 45.451552, 9.171581 45.451092, 9.171313 45.451039, 9.170064 45.450783, 9.169471 45.450658, 9.167934 45.450343, 9.166117 45.449958, 9.16388 45.449482, 9.162126 45.449107, 9.160142 45.448711, 9.158391 45.448336, 9.156695 45.447957, 9.156153 45.447836, 9.155764 45.447749, 9.154982 45.447587, 9.154604 45.447513, 9.153423 45.447254, 9.14692 45.445891, 9.146016 45.445696, 9.145599 45.446361, 9.144751 45.44795, 9.14656 45.448539, 9.14702 45.448685, 9.149295 45.449425, 9.150777 45.449908, 9.151571 45.450163, 9.150875 45.451359, 9.151236 45.451479, 9.153 45.452067, 9.153195 45.452136, 9.154188 45.45247, 9.155261 45.452785, 9.154465 45.45431, 9.154583 45.45444, 9.155007 45.454554, 9.155857 45.454823, 9.155806 45.455049, 9.15457 45.455141, 9.154615 45.455817, 9.154659 45.45632, 9.154666 45.456427, 9.154698 45.457077, 9.15474 45.458197, 9.155777 45.458177, 9.15612 45.458123, 9.156291 45.458442, 9.156883 45.45981, 9.155298 45.459848, 9.154838 45.459864, 9.154867 45.46051, 9.154913 45.46158, 9.155003 45.463074, 9.155054 45.463676, 9.15509 45.464307, 9.15514 45.46596, 9.155801 45.466027, 9.156147 45.466242, 9.156868 45.465926, 9.156995 45.466756, 9.159184 45.466598, 9.159338 45.466588, 9.159907 45.466555, 9.161927 45.466395, 9.162375 45.466358, 9.163074 45.466317, 9.164888 45.466195, 9.164772 45.465813, 9.164614 45.465324, 9.164077 45.463555, 9.164455 45.463501, 9.16509 45.463414, 9.164815 45.462692, 9.164286 45.461337, 9.164765 45.461106, 9.166602 45.460114, 9.166821 45.459971, 9.167402 45.459606, 9.168264 45.459072, 9.169546 45.458271, 9.171003 45.457384, 9.171153 45.457303, 9.171585 45.457046, 9.172096 45.456746, 9.172753 45.456313, 9.173506 45.455832, 9.174192 45.455356, 9.173191 45.454678, 9.173453 45.454498, 9.176129 45.45277, 9.176424 45.452593, 9.177225 45.452295)))",2,2,54,7,378,High
22,20145,"MULTIPOLYGON (((9.171764 45.476198, 9.171527 45.475954, 9.171419 45.475731, 9.171636 45.475162, 9.171105 45.474809, 9.16986 45.474, 9.169328 45.473653, 9.168968 45.473412, 9.168736 45.473237, 9.168265 45.472928, 9.167323 45.472325, 9.166411 45.471769, 9.166191 45.471636, 9.16644 45.471496, 9.165891 45.469611, 9.165552 45.468528, 9.165298 45.467586, 9.166362 45.467435, 9.166088 45.466671, 9.165085 45.466845, 9.164888 45.466195, 9.163074 45.466317, 9.162375 45.466358, 9.161927 45.466395, 9.159907 45.466555, 9.159338 45.466588, 9.159184 45.466598, 9.156995 45.466756, 9.156868 45.465926, 9.156147 45.466242, 9.155801 45.466027, 9.15514 45.46596, 9.155225 45.466873, 9.155259 45.467764, 9.155286 45.46803, 9.155327 45.468719, 9.155389 45.470372, 9.15444 45.471041, 9.153662 45.471653, 9.153758 45.47361, 9.153812 45.474619, 9.153861 45.475404, 9.152972 45.475436, 9.151435 45.4755, 9.151445 45.475805, 9.151458 45.476146, 9.151512 45.477557, 9.151638 45.479834, 9.151663 45.480454, 9.156007 45.480396, 9.15871 45.480363, 9.158696 45.481045, 9.158917 45.481198, 9.159731 45.480585, 9.16002 45.480775, 9.160476 45.480431, 9.160919 45.480716, 9.161748 45.481222, 9.162934 45.482076, 9.163511 45.482438, 9.164267 45.48189, 9.164334 45.481839, 9.164806 45.481506, 9.165533 45.480981, 9.165986 45.480658, 9.167576 45.479461, 9.168696 45.478633, 9.169544 45.477941, 9.170595 45.477074, 9.171189 45.476636, 9.171764 45.476198)))",0,1,33,0,0,Low
23,20146,"MULTIPOLYGON (((9.156883 45.45981, 9.156291 45.458442, 9.15612 45.458123, 9.155777 45.458177, 9.15474 45.458197, 9.154698 45.457077, 9.154666 45.456427, 9.154659 45.45632, 9.154615 45.455817, 9.15457 45.455141, 9.155806 45.455049, 9.155857 45.454823, 9.155007 45.454554, 9.154583 45.45444, 9.154465 45.45431, 9.155261 45.452785, 9.154188 45.45247, 9.153195 45.452136, 9.153 45.452067, 9.151236 45.451479, 9.150875 45.451359, 9.151571 45.450163, 9.150777 45.449908, 9.149295 45.449425, 9.14702 45.448685, 9.14656 45.448539, 9.144751 45.44795, 9.145599 45.446361, 9.146016 45.445696, 9.144267 45.445341, 9.142407 45.444955, 9.138833 45.444191, 9.138624 45.444144, 9.13818 45.444602, 9.13502 45.443738, 9.133895 45.445883, 9.134054 45.445935, 9.134908 45.446203, 9.134591 45.446714, 9.134512 45.446826, 9.134285 45.447174, 9.133852 45.447876, 9.133597 45.448256, 9.133204 45.448861, 9.135779 45.449699, 9.135717 45.449814, 9.134931 45.45118, 9.134666 45.451281, 9.134185 45.452144, 9.133662 45.45298, 9.13314 45.453891, 9.13249 45.454892, 9.132279 45.455243, 9.131888 45.455878, 9.131576 45.4564, 9.134484 45.457173, 9.134026 45.458012, 9.13495 45.458233, 9.135452 45.458372, 9.136434 45.458611, 9.136517 45.459943, 9.13658 45.460435, 9.136687 45.461299, 9.136736 45.461609, 9.13677 45.463314, 9.136801 45.463821, 9.136835 45.46434, 9.136896 45.465073, 9.138095 45.465888, 9.138136 45.466424, 9.138197 45.467379, 9.138477 45.467378, 9.139447 45.467365, 9.140447 45.467379, 9.140929 45.467377, 9.141507 45.467389, 9.143231 45.46721, 9.144211 45.467126, 9.144568 45.467092, 9.145029 45.466616, 9.145677 45.466684, 9.146151 45.466735, 9.146085 45.466953, 9.146573 45.466911, 9.147936 45.466786, 9.148653 45.466525, 9.150073 45.466852, 9.150678 45.46641, 9.150941 45.466185, 9.151248 45.465935, 9.152075 45.465301, 9.154312 45.466375, 9.154563 45.466088, 9.154885 45.466, 9.15514 45.46596, 9.15509 45.464307, 9.155054 45.463676, 9.155003 45.463074, 9.154913 45.46158, 9.154867 45.46051, 9.154838 45.459864, 9.155298 45.459848, 9.156883 45.45981)))",0,2,43,0,0,Low
24,20147,"MULTIPOLYGON (((9.138624 45.444144, 9.136359 45.443584, 9.134181 45.442751, 9.132157 45.442031, 9.130027 45.441339, 9.129314 45.441116, 9.128066 45.440732, 9.127614 45.440506, 9.12638 45.439587, 9.124226 45.438537, 9.122644 45.438061, 9.120774 45.437516, 9.120429 45.43738, 9.118754 45.439109, 9.118707 45.439159, 9.11809 45.439814, 9.117525 45.44051, 9.11743 45.440598, 9.11674 45.440974, 9.116418 45.441501, 9.115541 45.443251, 9.117505 45.444094, 9.121752 45.445329, 9.122762 45.445593, 9.122219 45.446443, 9.122806 45.446611, 9.122156 45.447727, 9.119678 45.451922, 9.118164 45.451535, 9.115777 45.453855, 9.115188 45.454772, 9.114909 45.455652, 9.116316 45.456013, 9.116488 45.456065, 9.11752 45.456351, 9.117239 45.456885, 9.117816 45.457592, 9.117664 45.457944, 9.117954 45.458001, 9.119006 45.458192, 9.119917 45.45837, 9.119537 45.459524, 9.118744 45.459512, 9.118472 45.460011, 9.118178 45.460737, 9.119114 45.460938, 9.118986 45.461212, 9.120266 45.461471, 9.117745 45.467037, 9.117276 45.468076, 9.118444 45.468536, 9.118399 45.469051, 9.11944 45.469038, 9.119454 45.46875, 9.120388 45.468711, 9.121681 45.46979, 9.122758 45.470749, 9.12366 45.470232, 9.124091 45.469993, 9.124293 45.469881, 9.124922 45.469653, 9.125761 45.469401, 9.126155 45.469284, 9.1273 45.468942, 9.128765 45.468405, 9.129871 45.468185, 9.131131 45.468027, 9.133973 45.467691, 9.133843 45.467309, 9.134375 45.466936, 9.134659 45.46725, 9.135312 45.467132, 9.135264 45.466567, 9.135957 45.466528, 9.136034 45.467439, 9.13708 45.467372, 9.138197 45.467379, 9.138136 45.466424, 9.138095 45.465888, 9.136896 45.465073, 9.136835 45.46434, 9.136801 45.463821, 9.13677 45.463314, 9.136736 45.461609, 9.136687 45.461299, 9.13658 45.460435, 9.136517 45.459943, 9.136434 45.458611, 9.135452 45.458372, 9.13495 45.458233, 9.134026 45.458012, 9.134484 45.457173, 9.131576 45.4564, 9.131888 45.455878, 9.132279 45.455243, 9.13249 45.454892, 9.13314 45.453891, 9.133662 45.45298, 9.134185 45.452144, 9.134666 45.451281, 9.134931 45.45118, 9.135717 45.449814, 9.135779 45.449699, 9.133204 45.448861, 9.133597 45.448256, 9.133852 45.447876, 9.134285 45.447174, 9.134512 45.446826, 9.134591 45.446714, 9.134908 45.446203, 9.134054 45.445935, 9.133895 45.445883, 9.13502 45.443738, 9.13818 45.444602, 9.138624 45.444144)))",0,0,22,1,22,Low
25,20148,"MULTIPOLYGON (((9.149796 45.481911, 9.147218 45.480196, 9.1452 45.478889, 9.144607 45.479344, 9.143971 45.479775, 9.143428 45.479434, 9.14294 45.479118, 9.142892 45.47774, 9.142897 45.47716, 9.14311 45.476364, 9.143226 45.475906, 9.142094 45.475921, 9.142424 45.475393, 9.143226 45.475906, 9.14336 45.475433, 9.143714 45.47442, 9.143892 45.473863, 9.144148 45.473198, 9.14375 45.472952, 9.144187 45.471638, 9.14379 45.471578, 9.143294 45.471411, 9.143718 45.470889, 9.144793 45.471032, 9.144911 45.470646, 9.145122 45.469978, 9.145217 45.469659, 9.145387 45.469165, 9.145518 45.468753, 9.145556 45.468611, 9.145721 45.468087, 9.145754 45.467984, 9.146085 45.466953, 9.146151 45.466735, 9.145677 45.466684, 9.145029 45.466616, 9.144568 45.467092, 9.144211 45.467126, 9.143231 45.46721, 9.141507 45.467389, 9.140929 45.467377, 9.140447 45.467379, 9.139447 45.467365, 9.138477 45.467378, 9.138197 45.467379, 9.13708 45.467372, 9.136034 45.467439, 9.135957 45.466528, 9.135264 45.466567, 9.135312 45.467132, 9.134659 45.46725, 9.134375 45.466936, 9.133843 45.467309, 9.133973 45.467691, 9.131131 45.468027, 9.129871 45.468185, 9.128765 45.468405, 9.1273 45.468942, 9.126155 45.469284, 9.125761 45.469401, 9.124922 45.469653, 9.124293 45.469881, 9.124091 45.469993, 9.12366 45.470232, 9.122758 45.470749, 9.121895 45.471226, 9.122295 45.471456, 9.121162 45.472082, 9.121945 45.472745, 9.123162 45.473775, 9.123362 45.473629, 9.123442 45.475202, 9.123999 45.475181, 9.124321 45.475256, 9.125718 45.474228, 9.126825 45.47495, 9.128009 45.475696, 9.128659 45.476086, 9.13208 45.476042, 9.131575 45.477087, 9.131511 45.477213, 9.13107 45.478108, 9.130641 45.47901, 9.130027 45.480266, 9.127763 45.480912, 9.127343 45.480728, 9.124675 45.481486, 9.125144 45.482437, 9.123224 45.483082, 9.118054 45.484768, 9.118064 45.484869, 9.12464 45.486009, 9.126908 45.48546, 9.128051 45.485187, 9.13023 45.48464, 9.130252 45.485813, 9.13024 45.486562, 9.130228 45.486629, 9.130133 45.487422, 9.130015 45.492741, 9.132996 45.493322, 9.136262 45.491905, 9.137761 45.491194, 9.141546 45.488131, 9.142781 45.487259, 9.144346 45.486023, 9.144811 45.485656, 9.145365 45.485187, 9.146392 45.484419, 9.147408 45.483621, 9.147677 45.483423, 9.148013 45.483183, 9.148534 45.48282, 9.149192 45.482326, 9.149796 45.481911)))",0,1,30,1,30,Medium
26,20149,"MULTIPOLYGON (((9.163511 45.482438, 9.162934 45.482076, 9.161748 45.481222, 9.160919 45.480716, 9.160476 45.480431, 9.16002 45.480775, 9.159731 45.480585, 9.158917 45.481198, 9.158696 45.481045, 9.15871 45.480363, 9.156007 45.480396, 9.151663 45.480454, 9.151638 45.479834, 9.151512 45.477557, 9.151458 45.476146, 9.151445 45.475805, 9.151435 45.4755, 9.152972 45.475436, 9.153861 45.475404, 9.153812 45.474619, 9.153758 45.47361, 9.153662 45.471653, 9.15444 45.471041, 9.155389 45.470372, 9.155327 45.468719, 9.155286 45.46803, 9.155259 45.467764, 9.155225 45.466873, 9.15514 45.46596, 9.154885 45.466, 9.154563 45.466088, 9.154312 45.466375, 9.152075 45.465301, 9.151248 45.465935, 9.150941 45.466185, 9.150678 45.46641, 9.150073 45.466852, 9.148653 45.466525, 9.147936 45.466786, 9.146573 45.466911, 9.146085 45.466953, 9.145754 45.467984, 9.145721 45.468087, 9.145556 45.468611, 9.145518 45.468753, 9.145387 45.469165, 9.145217 45.469659, 9.145122 45.469978, 9.144911 45.470646, 9.144793 45.471032, 9.143718 45.470889, 9.143294 45.471411, 9.14379 45.471578, 9.144187 45.471638, 9.14375 45.472952, 9.144148 45.473198, 9.143892 45.473863, 9.143714 45.47442, 9.14336 45.475433, 9.143226 45.475906, 9.142424 45.475393, 9.142094 45.475921, 9.143226 45.475906, 9.14311 45.476364, 9.142897 45.47716, 9.142892 45.47774, 9.14294 45.479118, 9.143428 45.479434, 9.143971 45.479775, 9.144607 45.479344, 9.1452 45.478889, 9.147218 45.480196, 9.149796 45.481911, 9.149192 45.482326, 9.148534 45.48282, 9.148013 45.483183, 9.147677 45.483423, 9.147408 45.483621, 9.146392 45.484419, 9.145365 45.485187, 9.144811 45.485656, 9.144346 45.486023, 9.142781 45.487259, 9.141546 45.488131, 9.143584 45.490289, 9.144476 45.491251, 9.144982 45.491788, 9.145841 45.49267, 9.147864 45.491757, 9.148179 45.491612, 9.149246 45.49113, 9.149933 45.490796, 9.151546 45.490078, 9.151932 45.489896, 9.153616 45.489116, 9.154974 45.488527, 9.156387 45.487859, 9.157264 45.487213, 9.158813 45.486047, 9.159952 45.485209, 9.160769 45.484629, 9.16113 45.48433, 9.162303 45.483379, 9.163511 45.482438)))",0,2,40,0,0,Low
27,20151,"MULTIPOLYGON (((9.145841 45.49267, 9.144982 45.491788, 9.144476 45.491251, 9.143584 45.490289, 9.141546 45.488131, 9.137761 45.491194, 9.136262 45.491905, 9.132996 45.493322, 9.130015 45.492741, 9.130133 45.487422, 9.130228 45.486629, 9.13024 45.486562, 9.130252 45.485813, 9.13023 45.48464, 9.128051 45.485187, 9.126908 45.48546, 9.12464 45.486009, 9.118064 45.484869, 9.118054 45.484768, 9.123224 45.483082, 9.125144 45.482437, 9.124675 45.481486, 9.127343 45.480728, 9.127763 45.480912, 9.130027 45.480266, 9.130641 45.47901, 9.13107 45.478108, 9.131511 45.477213, 9.131575 45.477087, 9.13208 45.476042, 9.128659 45.476086, 9.128009 45.475696, 9.126825 45.47495, 9.125718 45.474228, 9.124321 45.475256, 9.124337 45.476136, 9.121044 45.476179, 9.11803 45.476224, 9.117346 45.476228, 9.115212 45.476252, 9.111951 45.476246, 9.111457 45.476404, 9.108307 45.477438, 9.107988 45.477559, 9.107025 45.479144, 9.106736 45.479566, 9.104891 45.483287, 9.104138 45.484185, 9.103525 45.484814, 9.101481 45.488478, 9.100008 45.487895, 9.097678 45.487108, 9.094465 45.486518, 9.092576 45.488557, 9.087193 45.492131, 9.096368 45.496444, 9.095538 45.497017, 9.094521 45.499539, 9.091956 45.498323, 9.091359 45.498878, 9.090977 45.498557, 9.089432 45.498573, 9.089779 45.499502, 9.089574 45.500438, 9.090002 45.500821, 9.090822 45.502291, 9.090615 45.503416, 9.090872 45.503857, 9.091732 45.504212, 9.092107 45.506291, 9.094338 45.506038, 9.095319 45.506959, 9.097613 45.506512, 9.098035 45.506723, 9.098096 45.506754, 9.098464 45.506695, 9.098388 45.507406, 9.096539 45.511206, 9.096224 45.51243, 9.098395 45.512702, 9.100657 45.5129, 9.104413 45.512555, 9.107485 45.512668, 9.108438 45.51152, 9.109782 45.511596, 9.109997 45.510916, 9.109431 45.510788, 9.107474 45.50862, 9.107351 45.508057, 9.107879 45.506442, 9.110587 45.505159, 9.109493 45.50393, 9.111594 45.503391, 9.115506 45.502463, 9.118619 45.501748, 9.11987 45.503093, 9.120285 45.502929, 9.121162 45.503861, 9.121899 45.504675, 9.12166 45.505026, 9.122798 45.506307, 9.122887 45.505593, 9.123245 45.504614, 9.122854 45.504547, 9.121922 45.503515, 9.123794 45.502661, 9.124272 45.502444, 9.126613 45.501354, 9.126757 45.501289, 9.127974 45.500751, 9.128933 45.500329, 9.129058 45.500275, 9.130325 45.499748, 9.130444 45.499701, 9.132176 45.49889, 9.133317 45.498362, 9.134841 45.497655, 9.136271 45.497045, 9.137827 45.496284, 9.139633 45.495457, 9.140717 45.494975, 9.140843 45.494919, 9.14135 45.494686, 9.141527 45.494611, 9.14325 45.493847, 9.144809 45.493142, 9.145841 45.49267)))",0,1,28,1,28,Medium
28,20152,"MULTIPOLYGON (((9.122806 45.446611, 9.122219 45.446443, 9.122762 45.445593, 9.121752 45.445329, 9.117505 45.444094, 9.115541 45.443251, 9.115275 45.443775, 9.113365 45.443323, 9.112268 45.445789, 9.113268 45.445915, 9.113026 45.446275, 9.111968 45.446325, 9.110552 45.45041, 9.110383 45.450445, 9.109224 45.450672, 9.1069 45.450023, 9.106613 45.449441, 9.105456 45.448609, 9.104781 45.44784, 9.104552 45.448255, 9.103183 45.447806, 9.104058 45.447153, 9.103864 45.446986, 9.10188 45.447285, 9.101234 45.44814, 9.100559 45.448326, 9.101073 45.44734, 9.101292 45.446934, 9.099358 45.446882, 9.098508 45.447501, 9.098474 45.44754, 9.098441 45.447579, 9.097517 45.448855, 9.095911 45.448856, 9.095404 45.449127, 9.095108 45.450297, 9.093959 45.451635, 9.09386 45.451758, 9.093374 45.452257, 9.091873 45.452784, 9.089103 45.453223, 9.088178 45.453201, 9.086424 45.452586, 9.085264 45.452065, 9.083702 45.451409, 9.083537 45.451375, 9.083272 45.451328, 9.081831 45.451001, 9.08063 45.451542, 9.080113 45.451471, 9.079683 45.45129, 9.078956 45.452028, 9.078304 45.452685, 9.078134 45.452863, 9.077446 45.45191, 9.077155 45.451566, 9.077256 45.450945, 9.078012 45.449462, 9.078012 45.448843, 9.077419 45.448803, 9.077001 45.448416, 9.077002 45.447359, 9.077874 45.446818, 9.078546 45.445209, 9.078843 45.444837, 9.078625 45.444585, 9.078829 45.444099, 9.075516 45.442458, 9.07905 45.438561, 9.077183 45.43734, 9.077052 45.436188, 9.074419 45.434811, 9.07305 45.43381, 9.070724 45.434288, 9.069444 45.433533, 9.068498 45.434095, 9.066137 45.435497, 9.065482 45.433859, 9.064883 45.433986, 9.064474 45.434688, 9.063159 45.435553, 9.061171 45.434724, 9.060652 45.43451, 9.06018 45.435465, 9.057677 45.438211, 9.056203 45.43807, 9.055306 45.439814, 9.054048 45.439752, 9.054831 45.442569, 9.053959 45.444887, 9.057266 45.44679, 9.063757 45.448845, 9.05884 45.453064, 9.057902 45.452597, 9.056353 45.454075, 9.060279 45.455206, 9.063908 45.456162, 9.066492 45.456856, 9.072584 45.457008, 9.076257 45.457268, 9.077539 45.457368, 9.079955 45.45746, 9.081677 45.457, 9.085237 45.458192, 9.084883 45.458708, 9.084765 45.458878, 9.084675 45.459002, 9.084429 45.459393, 9.084102 45.459912, 9.083983 45.460046, 9.083279 45.461072, 9.08308 45.461359, 9.084466 45.461708, 9.085271 45.460453, 9.085599 45.460628, 9.087147 45.461178, 9.087679 45.460467, 9.08868 45.460817, 9.088846 45.460429, 9.089694 45.460554, 9.089735 45.460902, 9.090043 45.460926, 9.090058 45.461307, 9.090594 45.461319, 9.090631 45.461447, 9.090464 45.461985, 9.090228 45.461992, 9.090285 45.462344, 9.090579 45.462315, 9.090934 45.462462, 9.090646 45.462502, 9.090658 45.462874, 9.090886 45.462995, 9.092422 45.46374, 9.092095 45.464198, 9.092833 45.464462, 9.091574 45.466377, 9.092646 45.466719, 9.093318 45.46693, 9.093047 45.467428, 9.093651 45.467621, 9.093954 45.468028, 9.094241 45.468076, 9.095958 45.465414, 9.096199 45.465477, 9.096834 45.464806, 9.099677 45.465301, 9.101427 45.466123, 9.103648 45.466606, 9.109648 45.466909, 9.109396 45.465763, 9.110098 45.46352, 9.110651 45.463605, 9.111086 45.463654, 9.111868 45.4637, 9.113206 45.463947, 9.113856 45.464073, 9.11286 45.46599, 9.117745 45.467037, 9.120266 45.461471, 9.118986 45.461212, 9.119114 45.460938, 9.118178 45.460737, 9.118472 45.460011, 9.118744 45.459512, 9.119537 45.459524, 9.119917 45.45837, 9.119006 45.458192, 9.117954 45.458001, 9.117664 45.457944, 9.117816 45.457592, 9.117239 45.456885, 9.11752 45.456351, 9.116488 45.456065, 9.116316 45.456013, 9.114909 45.455652, 9.115188 45.454772, 9.115777 45.453855, 9.118164 45.451535, 9.119678 45.451922, 9.122156 45.447727, 9.122806 45.446611)))",0,0,12,1,12,Low
29,20153,"MULTIPOLYGON (((9.124337 45.476136, 9.124321 45.475256, 9.123999 45.475181, 9.123442 45.475202, 9.123362 45.473629, 9.123162 45.473775, 9.121945 45.472745, 9.121162 45.472082, 9.122295 45.471456, 9.121895 45.471226, 9.122758 45.470749, 9.121681 45.46979, 9.120388 45.468711, 9.119454 45.46875, 9.11944 45.469038, 9.118399 45.469051, 9.118444 45.468536, 9.117276 45.468076, 9.117745 45.467037, 9.11286 45.46599, 9.113856 45.464073, 9.113206 45.463947, 9.111868 45.4637, 9.111086 45.463654, 9.110651 45.463605, 9.110098 45.46352, 9.109396 45.465763, 9.109648 45.466909, 9.103648 45.466606, 9.101427 45.466123, 9.099677 45.465301, 9.096834 45.464806, 9.096199 45.465477, 9.095958 45.465414, 9.094241 45.468076, 9.093954 45.468028, 9.093651 45.467621, 9.093047 45.467428, 9.093318 45.46693, 9.092646 45.466719, 9.091574 45.466377, 9.092833 45.464462, 9.092095 45.464198, 9.092422 45.46374, 9.090886 45.462995, 9.090658 45.462874, 9.090646 45.462502, 9.090934 45.462462, 9.090579 45.462315, 9.090285 45.462344, 9.090228 45.461992, 9.090464 45.461985, 9.090631 45.461447, 9.090594 45.461319, 9.090058 45.461307, 9.090043 45.460926, 9.089735 45.460902, 9.089694 45.460554, 9.088846 45.460429, 9.08868 45.460817, 9.087679 45.460467, 9.087147 45.461178, 9.085599 45.460628, 9.085271 45.460453, 9.084466 45.461708, 9.08308 45.461359, 9.083279 45.461072, 9.083983 45.460046, 9.084102 45.459912, 9.084429 45.459393, 9.084675 45.459002, 9.084765 45.458878, 9.084883 45.458708, 9.085237 45.458192, 9.081677 45.457, 9.079955 45.45746, 9.077539 45.457368, 9.076257 45.457268, 9.072584 45.457008, 9.066492 45.456856, 9.063908 45.456162, 9.060279 45.455206, 9.056353 45.454075, 9.057902 45.452597, 9.05884 45.453064, 9.063757 45.448845, 9.057266 45.44679, 9.053959 45.444887, 9.053861 45.445144, 9.045796 45.446138, 9.044693 45.446005, 9.042957 45.446147, 9.042712 45.4462, 9.041644 45.446607, 9.041108 45.447967, 9.049803 45.451267, 9.05002 45.451429, 9.049645 45.452206, 9.049696 45.452306, 9.049702 45.452954, 9.048514 45.454827, 9.049563 45.454719, 9.047027 45.458406, 9.046575 45.459319, 9.045017 45.459212, 9.044668 45.459923, 9.042869 45.463734, 9.043398 45.463831, 9.043183 45.464712, 9.042998 45.465479, 9.044768 45.466112, 9.046333 45.463467, 9.046898 45.462772, 9.048649 45.4636, 9.049901 45.464121, 9.051656 45.461888, 9.05241 45.462036, 9.053657 45.461383, 9.05465 45.461523, 9.055946 45.461508, 9.058333 45.462231, 9.058128 45.462548, 9.057998 45.46274, 9.061537 45.462803, 9.06644 45.463806, 9.066522 45.463752, 9.066774 45.462996, 9.067335 45.462821, 9.067321 45.462051, 9.069028 45.46135, 9.069735 45.460952, 9.069754 45.459384, 9.070072 45.45889, 9.072011 45.458483, 9.072483 45.45806, 9.07255 45.45709, 9.074556 45.457352, 9.074762 45.457902, 9.074449 45.459004, 9.074663 45.459067, 9.0745 45.459373, 9.073365 45.46032, 9.072165 45.461062, 9.071637 45.462363, 9.070409 45.462854, 9.069814 45.463745, 9.07004 45.464263, 9.069286 45.464827, 9.070484 45.464645, 9.072199 45.463765, 9.073821 45.462844, 9.075735 45.463584, 9.074872 45.464719, 9.074713 45.46516, 9.0742 45.466585, 9.073902 45.466899, 9.074418 45.466983, 9.073507 45.468762, 9.073386 45.469066, 9.072989 45.470327, 9.074812 45.470513, 9.075818 45.471418, 9.076718 45.472054, 9.077859 45.472108, 9.077195 45.472584, 9.076562 45.473038, 9.074748 45.474341, 9.075741 45.475212, 9.075887 45.475479, 9.075403 45.476132, 9.075538 45.47669, 9.074964 45.476907, 9.07533 45.477487, 9.073384 45.477943, 9.072037 45.478754, 9.070095 45.480596, 9.065922 45.482853, 9.065707 45.48329, 9.066046 45.483609, 9.066042 45.48388, 9.066114 45.484972, 9.06571 45.486152, 9.066463 45.486351, 9.067354 45.486737, 9.066725 45.488409, 9.066688 45.48851, 9.064935 45.488434, 9.065064 45.490186, 9.063976 45.490366, 9.062694 45.490406, 9.062988 45.489376, 9.064162 45.488508, 9.062778 45.488744, 9.061494 45.489012, 9.061451 45.489055, 9.061465 45.490128, 9.061343 45.490524, 9.06094 45.491551, 9.062161 45.492158, 9.062506 45.491851, 9.06396 45.491923, 9.063744 45.492782, 9.061487 45.494787, 9.060025 45.49422, 9.059191 45.494866, 9.058487 45.496701, 9.058159 45.497655, 9.056582 45.497638, 9.055237 45.501172, 9.053679 45.503764, 9.054452 45.50402, 9.053893 45.504867, 9.054525 45.505019, 9.056688 45.505442, 9.058372 45.504473, 9.059208 45.504469, 9.059323 45.504257, 9.060351 45.504567, 9.061924 45.502325, 9.065666 45.503677, 9.064815 45.5046, 9.065873 45.505198, 9.067381 45.504928, 9.068529 45.505188, 9.069235 45.505803, 9.073041 45.506026, 9.073101 45.505603, 9.07227 45.505286, 9.072907 45.504559, 9.073443 45.503181, 9.074299 45.501713, 9.073966 45.501498, 9.074962 45.500309, 9.075756 45.497926, 9.077084 45.498003, 9.078688 45.49697, 9.080437 45.497285, 9.080853 45.497842, 9.082098 45.498022, 9.083342 45.497283, 9.084382 45.498021, 9.085416 45.498331, 9.086249 45.498577, 9.086249 45.498208, 9.087702 45.498207, 9.088324 45.497838, 9.088741 45.498386, 9.089432 45.498573, 9.090977 45.498557, 9.091359 45.498878, 9.091956 45.498323, 9.094521 45.499539, 9.095538 45.497017, 9.096368 45.496444, 9.087193 45.492131, 9.092576 45.488557, 9.094465 45.486518, 9.097678 45.487108, 9.100008 45.487895, 9.101481 45.488478, 9.103525 45.484814, 9.104138 45.484185, 9.104891 45.483287, 9.106736 45.479566, 9.107025 45.479144, 9.107988 45.477559, 9.108307 45.477438, 9.111457 45.476404, 9.111951 45.476246, 9.115212 45.476252, 9.117346 45.476228, 9.11803 45.476224, 9.121044 45.476179, 9.124337 45.476136)))",0,0,5,0,0,Low
30,20154,"MULTIPOLYGON (((9.187853 45.483243, 9.187463 45.482442, 9.187006 45.480963, 9.186569 45.481038, 9.186334 45.480459, 9.184304 45.480842, 9.182439 45.481255, 9.181977 45.479903, 9.181532 45.478343, 9.181259 45.477578, 9.1813 45.477279, 9.181456 45.476325, 9.181607 45.475394, 9.181685 45.474815, 9.181836 45.47389, 9.18055 45.474851, 9.17915 45.474806, 9.177297 45.475995, 9.176501 45.47615, 9.175032 45.477343, 9.173216 45.476163, 9.172837 45.47633, 9.172484 45.476395, 9.172251 45.476378, 9.171764 45.476198, 9.171189 45.476636, 9.170595 45.477074, 9.169544 45.477941, 9.168696 45.478633, 9.167576 45.479461, 9.165986 45.480658, 9.165533 45.480981, 9.164806 45.481506, 9.164334 45.481839, 9.164267 45.48189, 9.163511 45.482438, 9.162303 45.483379, 9.16113 45.48433, 9.160769 45.484629, 9.159952 45.485209, 9.158813 45.486047, 9.157264 45.487213, 9.156387 45.487859, 9.157331 45.488509, 9.157528 45.48863, 9.157798 45.488424, 9.158349 45.488787, 9.158813 45.488611, 9.159102 45.488289, 9.159988 45.488527, 9.160582 45.487806, 9.160779 45.487812, 9.162225 45.487778, 9.164139 45.487732, 9.166203 45.487665, 9.16807 45.488843, 9.168374 45.48905, 9.169197 45.48955, 9.169495 45.48933, 9.16972 45.489463, 9.169972 45.48964, 9.168536 45.490759, 9.167326 45.491669, 9.168385 45.492618, 9.169704 45.491744, 9.170436 45.491366, 9.174354 45.490456, 9.177862 45.48975, 9.179156 45.48914, 9.182278 45.486792, 9.182038 45.485609, 9.183337 45.485554, 9.184413 45.485055, 9.185492 45.484242, 9.185785 45.484068, 9.187853 45.483243)))",0,2,44,1,44,Medium
31,20155,"MULTIPOLYGON (((9.169972 45.48964, 9.16972 45.489463, 9.169495 45.48933, 9.169197 45.48955, 9.168374 45.48905, 9.16807 45.488843, 9.166203 45.487665, 9.164139 45.487732, 9.162225 45.487778, 9.160779 45.487812, 9.160582 45.487806, 9.159988 45.488527, 9.159102 45.488289, 9.158813 45.488611, 9.158349 45.488787, 9.157798 45.488424, 9.157528 45.48863, 9.157331 45.488509, 9.156387 45.487859, 9.154974 45.488527, 9.153616 45.489116, 9.151932 45.489896, 9.151546 45.490078, 9.149933 45.490796, 9.149246 45.49113, 9.148179 45.491612, 9.147864 45.491757, 9.145841 45.49267, 9.146672 45.493525, 9.14715 45.494067, 9.147948 45.493502, 9.148065 45.493308, 9.148913 45.493547, 9.149168 45.493628, 9.148145 45.494818, 9.147996 45.494988, 9.147809 45.495191, 9.147624 45.495407, 9.147316 45.495749, 9.147006 45.496092, 9.146533 45.4966, 9.146853 45.496712, 9.148707 45.497406, 9.149573 45.497779, 9.150241 45.498182, 9.15137 45.498932, 9.152717 45.497888, 9.152986 45.497686, 9.153663 45.497177, 9.154298 45.496703, 9.154915 45.496246, 9.155588 45.496705, 9.15649 45.497277, 9.156753 45.497446, 9.157306 45.497822, 9.158435 45.498572, 9.159056 45.498286, 9.159938 45.497879, 9.162063 45.496905, 9.163549 45.496232, 9.162644 45.495405, 9.162628 45.494834, 9.163009 45.494256, 9.16416 45.494581, 9.165632 45.493793, 9.166381 45.494225, 9.168385 45.492618, 9.167326 45.491669, 9.168536 45.490759, 9.169972 45.48964)))",0,0,25,1,25,Medium
32,20156,"MULTIPOLYGON (((9.159938 45.497879, 9.159056 45.498286, 9.158435 45.498572, 9.157306 45.497822, 9.156753 45.497446, 9.15649 45.497277, 9.155588 45.496705, 9.154915 45.496246, 9.154298 45.496703, 9.153663 45.497177, 9.152986 45.497686, 9.152717 45.497888, 9.15137 45.498932, 9.150241 45.498182, 9.149573 45.497779, 9.148707 45.497406, 9.146853 45.496712, 9.146533 45.4966, 9.147006 45.496092, 9.147316 45.495749, 9.147624 45.495407, 9.147809 45.495191, 9.147996 45.494988, 9.148145 45.494818, 9.149168 45.493628, 9.148913 45.493547, 9.148065 45.493308, 9.147948 45.493502, 9.14715 45.494067, 9.146672 45.493525, 9.145841 45.49267, 9.144809 45.493142, 9.14325 45.493847, 9.141527 45.494611, 9.14135 45.494686, 9.140843 45.494919, 9.140717 45.494975, 9.139633 45.495457, 9.137827 45.496284, 9.136271 45.497045, 9.134841 45.497655, 9.133317 45.498362, 9.132176 45.49889, 9.130444 45.499701, 9.130325 45.499748, 9.129058 45.500275, 9.128933 45.500329, 9.127974 45.500751, 9.126757 45.501289, 9.126613 45.501354, 9.124272 45.502444, 9.123794 45.502661, 9.121922 45.503515, 9.122854 45.504547, 9.123245 45.504614, 9.122887 45.505593, 9.122798 45.506307, 9.12166 45.505026, 9.121899 45.504675, 9.121162 45.503861, 9.120285 45.502929, 9.11987 45.503093, 9.118619 45.501748, 9.115506 45.502463, 9.111594 45.503391, 9.109493 45.50393, 9.110587 45.505159, 9.107879 45.506442, 9.107351 45.508057, 9.107474 45.50862, 9.109431 45.510788, 9.109997 45.510916, 9.109782 45.511596, 9.116538 45.511788, 9.120574 45.510268, 9.123277 45.50929, 9.127147 45.508488, 9.130187 45.507843, 9.130507 45.506323, 9.13061 45.505654, 9.136096 45.50572, 9.136223 45.505644, 9.136941 45.505986, 9.13745 45.506175, 9.140277 45.505598, 9.144133 45.504749, 9.147353 45.503639, 9.15029 45.502305, 9.148405 45.503712, 9.147524 45.504967, 9.147488 45.506506, 9.148925 45.50843, 9.149762 45.508981, 9.151469 45.509764, 9.153327 45.510128, 9.156528 45.506589, 9.158419 45.504198, 9.158922 45.502389, 9.159126 45.501629, 9.159297 45.500936, 9.159938 45.497879)))",0,1,32,1,32,Medium
33,20157,"MULTIPOLYGON (((9.16139 45.502892, 9.16059 45.502701, 9.158922 45.502389, 9.158419 45.504198, 9.156528 45.506589, 9.153327 45.510128, 9.151469 45.509764, 9.149762 45.508981, 9.148925 45.50843, 9.147488 45.506506, 9.147524 45.504967, 9.148405 45.503712, 9.15029 45.502305, 9.147353 45.503639, 9.144133 45.504749, 9.140277 45.505598, 9.13745 45.506175, 9.136941 45.505986, 9.136223 45.505644, 9.136096 45.50572, 9.13061 45.505654, 9.130507 45.506323, 9.130187 45.507843, 9.127147 45.508488, 9.123277 45.50929, 9.120574 45.510268, 9.116538 45.511788, 9.109782 45.511596, 9.108438 45.51152, 9.107485 45.512668, 9.104413 45.512555, 9.100657 45.5129, 9.098395 45.512702, 9.096224 45.51243, 9.094828 45.514178, 9.09487 45.514522, 9.09493 45.515969, 9.094568 45.516397, 9.092975 45.519455, 9.093058 45.519596, 9.093354 45.519651, 9.092704 45.520431, 9.095398 45.521791, 9.094386 45.522812, 9.096416 45.523985, 9.0936 45.525458, 9.093272 45.525906, 9.092786 45.526499, 9.092971 45.527334, 9.094131 45.52832, 9.092968 45.528775, 9.0933 45.529434, 9.095526 45.52929, 9.095599 45.529348, 9.096901 45.530382, 9.099063 45.532092, 9.099398 45.531169, 9.100445 45.531539, 9.101099 45.531771, 9.10162 45.530938, 9.100526 45.529948, 9.10081 45.529614, 9.101099 45.529277, 9.100781 45.529075, 9.09856 45.5299, 9.098121 45.529077, 9.096689 45.529124, 9.097771 45.528011, 9.098623 45.527155, 9.096881 45.526774, 9.097971 45.525756, 9.100725 45.526123, 9.101839 45.524745, 9.102853 45.522728, 9.103086 45.521818, 9.102924 45.521059, 9.103533 45.521346, 9.106679 45.523075, 9.107082 45.522661, 9.107331 45.522566, 9.107696 45.522603, 9.10896 45.522735, 9.10868 45.523974, 9.109123 45.523825, 9.112969 45.520783, 9.116003 45.520298, 9.118417 45.519018, 9.117798 45.519914, 9.117686 45.521624, 9.119819 45.521789, 9.120044 45.521648, 9.120402 45.520635, 9.122402 45.52085, 9.122479 45.520512, 9.123689 45.520646, 9.123329 45.5211, 9.12391 45.52187, 9.123921 45.522792, 9.126246 45.522921, 9.128867 45.522989, 9.128477 45.524123, 9.128698 45.525028, 9.129941 45.523821, 9.129931 45.523186, 9.130079 45.522893, 9.132669 45.523529, 9.135753 45.524273, 9.135888 45.523782, 9.135287 45.523693, 9.135435 45.523008, 9.134398 45.522861, 9.134463 45.522533, 9.134747 45.520926, 9.136042 45.521083, 9.13674 45.521166, 9.136919 45.520004, 9.139528 45.520327, 9.140603 45.520446, 9.141662 45.52058, 9.141323 45.521916, 9.142851 45.522077, 9.143043 45.521843, 9.144136 45.521611, 9.143914 45.522715, 9.145224 45.522853, 9.145585 45.521416, 9.148514 45.521858, 9.148824 45.520948, 9.148842 45.520885, 9.148149 45.520788, 9.148332 45.520306, 9.147687 45.520202, 9.148274 45.518717, 9.149687 45.51881, 9.150086 45.518104, 9.150405 45.518176, 9.151416 45.518407, 9.151545 45.518101, 9.153867 45.518602, 9.153536 45.518989, 9.154615 45.51846, 9.155541 45.517775, 9.156297 45.516696, 9.156834 45.515392, 9.156979 45.51505, 9.157203 45.51453, 9.157253 45.513872, 9.157896 45.513474, 9.159108 45.512747, 9.159617 45.512807, 9.160507 45.512434, 9.159799 45.511613, 9.159901 45.51129, 9.159508 45.509449, 9.159349 45.507717, 9.159945 45.506828, 9.159786 45.506486, 9.159774 45.506457, 9.159683 45.506303, 9.160198 45.505022, 9.161111 45.503348, 9.16123 45.503142, 9.16139 45.502892)))",0,0,11,0,0,Low
34,20158,"MULTIPOLYGON (((9.183558 45.499766, 9.182318 45.49945, 9.182099 45.500121, 9.181501 45.500076, 9.181633 45.498854, 9.181838 45.497254, 9.181646 45.49656, 9.181268 45.495653, 9.180775 45.494518, 9.182762 45.494096, 9.182667 45.493855, 9.18258 45.493654, 9.182355 45.49315, 9.18199 45.492321, 9.181824 45.491917, 9.181234 45.490613, 9.18116 45.490417, 9.182082 45.488944, 9.182478 45.488341, 9.182429 45.487958, 9.182278 45.486792, 9.179156 45.48914, 9.177862 45.48975, 9.174354 45.490456, 9.170436 45.491366, 9.169704 45.491744, 9.168385 45.492618, 9.166381 45.494225, 9.165632 45.493793, 9.16416 45.494581, 9.163009 45.494256, 9.162628 45.494834, 9.162644 45.495405, 9.163549 45.496232, 9.162063 45.496905, 9.159938 45.497879, 9.159297 45.500936, 9.159126 45.501629, 9.158922 45.502389, 9.16059 45.502701, 9.16139 45.502892, 9.16123 45.503142, 9.161111 45.503348, 9.160198 45.505022, 9.159683 45.506303, 9.159774 45.506457, 9.159786 45.506486, 9.159945 45.506828, 9.159349 45.507717, 9.159508 45.509449, 9.167783 45.508204, 9.173129 45.507359, 9.174009 45.507224, 9.17618 45.506896, 9.17792 45.506629, 9.178938 45.506469, 9.179037 45.50627, 9.179355 45.505822, 9.179902 45.50504, 9.180283 45.504486, 9.180451 45.504227, 9.181556 45.502603, 9.182968 45.500619, 9.183558 45.499766)))",0,2,41,0,0,Low
35,20159,"MULTIPOLYGON (((9.198951 45.503355, 9.198096 45.501843, 9.198008 45.501705, 9.197779 45.501294, 9.19731 45.500449, 9.196595 45.49924, 9.196206 45.498568, 9.19612 45.49842, 9.195771 45.497817, 9.194794 45.49602, 9.194552 45.49555, 9.193656 45.494084, 9.19286 45.4926, 9.192371 45.491773, 9.191424 45.490119, 9.191771 45.489438, 9.19103 45.488856, 9.191073 45.488654, 9.191181 45.488188, 9.191329 45.487593, 9.189648 45.487413, 9.188806 45.487315, 9.188576 45.486552, 9.188519 45.486345, 9.188313 45.485576, 9.187248 45.485753, 9.185492 45.484242, 9.184413 45.485055, 9.183337 45.485554, 9.182038 45.485609, 9.182278 45.486792, 9.182429 45.487958, 9.182478 45.488341, 9.182082 45.488944, 9.18116 45.490417, 9.181234 45.490613, 9.181824 45.491917, 9.18199 45.492321, 9.182355 45.49315, 9.18258 45.493654, 9.182667 45.493855, 9.182762 45.494096, 9.180775 45.494518, 9.181268 45.495653, 9.181646 45.49656, 9.181838 45.497254, 9.181633 45.498854, 9.181501 45.500076, 9.182099 45.500121, 9.182318 45.49945, 9.183558 45.499766, 9.182968 45.500619, 9.181556 45.502603, 9.180451 45.504227, 9.180283 45.504486, 9.179902 45.50504, 9.179355 45.505822, 9.179037 45.50627, 9.178938 45.506469, 9.180115 45.506282, 9.183809 45.505718, 9.184917 45.505548, 9.187264 45.505185, 9.188541 45.504984, 9.192512 45.504374, 9.193343 45.504242, 9.193546 45.504208, 9.194451 45.504065, 9.19644 45.503771, 9.198141 45.50349, 9.198951 45.503355)))",0,1,29,1,29,Medium
36,20161,"MULTIPOLYGON (((9.192704 45.527989, 9.19264 45.527259, 9.192528 45.526316, 9.189784 45.526316, 9.188659 45.525484, 9.189011 45.523876, 9.187223 45.523502, 9.187244 45.523304, 9.184963 45.522702, 9.183956 45.522749, 9.184842 45.520668, 9.184461 45.520589, 9.185063 45.519309, 9.185939 45.517484, 9.182758 45.516369, 9.184253 45.514141, 9.184714 45.51297, 9.185895 45.512664, 9.190813 45.511438, 9.190167 45.510109, 9.189647 45.509016, 9.189089 45.507911, 9.188423 45.506526, 9.188541 45.504984, 9.187264 45.505185, 9.184917 45.505548, 9.183809 45.505718, 9.180115 45.506282, 9.178938 45.506469, 9.17792 45.506629, 9.17618 45.506896, 9.174009 45.507224, 9.173129 45.507359, 9.167783 45.508204, 9.159508 45.509449, 9.159901 45.51129, 9.159799 45.511613, 9.160507 45.512434, 9.159617 45.512807, 9.159108 45.512747, 9.157896 45.513474, 9.157253 45.513872, 9.157203 45.51453, 9.156979 45.51505, 9.156834 45.515392, 9.156297 45.516696, 9.155541 45.517775, 9.154615 45.51846, 9.153536 45.518989, 9.15243 45.519676, 9.151927 45.520004, 9.15094 45.521166, 9.151645 45.521224, 9.151179 45.523097, 9.151817 45.523181, 9.151518 45.524257, 9.152626 45.524401, 9.152395 45.525395, 9.15273 45.525435, 9.152641 45.525777, 9.153661 45.525906, 9.153731 45.525586, 9.154297 45.525649, 9.155172 45.525747, 9.155039 45.526229, 9.156446 45.526411, 9.156237 45.527096, 9.156034 45.527739, 9.155806 45.528795, 9.156837 45.528994, 9.156567 45.530083, 9.157017 45.530132, 9.156771 45.531014, 9.157806 45.531163, 9.157506 45.532378, 9.158586 45.53274, 9.158511 45.533449, 9.161228 45.533826, 9.160948 45.534568, 9.16273 45.534758, 9.165746 45.53526, 9.165631 45.535791, 9.167298 45.535951, 9.167344 45.535577, 9.168814 45.535709, 9.168836 45.535314, 9.169233 45.535337, 9.170838 45.535486, 9.170925 45.535086, 9.172904 45.534988, 9.174271 45.535026, 9.174085 45.535926, 9.175679 45.535978, 9.175743 45.535325, 9.177669 45.535458, 9.178092 45.534782, 9.179144 45.535347, 9.17917 45.535005, 9.180003 45.535161, 9.180316 45.534149, 9.183017 45.53436, 9.183363 45.533189, 9.184289 45.533357, 9.184905 45.530559, 9.186 45.530683, 9.186566 45.530745, 9.186652 45.529918, 9.186648 45.529805, 9.186644 45.52948, 9.189016 45.52708, 9.190473 45.527219, 9.190373 45.527656, 9.192704 45.527989)))",1,0,20,2,40,Medium
37,20162,"MULTIPOLYGON (((9.213835 45.529612, 9.212351 45.527008, 9.212016 45.526404, 9.210313 45.523412, 9.209812 45.522424, 9.209165 45.521347, 9.208613 45.520352, 9.207532 45.518538, 9.206875 45.517401, 9.206312 45.516409, 9.205654 45.515218, 9.205081 45.514161, 9.2041 45.512407, 9.203402 45.511225, 9.202946 45.510397, 9.202734 45.510037, 9.202499 45.509591, 9.202264 45.509201, 9.202023 45.508766, 9.201782 45.508373, 9.201234 45.507426, 9.201071 45.507119, 9.201017 45.507015, 9.200645 45.506366, 9.200196 45.505577, 9.200021 45.505274, 9.198951 45.503355, 9.198141 45.50349, 9.19644 45.503771, 9.194451 45.504065, 9.193546 45.504208, 9.193343 45.504242, 9.192512 45.504374, 9.188541 45.504984, 9.188423 45.506526, 9.189089 45.507911, 9.189647 45.509016, 9.190167 45.510109, 9.190813 45.511438, 9.185895 45.512664, 9.184714 45.51297, 9.184253 45.514141, 9.182758 45.516369, 9.185939 45.517484, 9.185063 45.519309, 9.184461 45.520589, 9.184842 45.520668, 9.183956 45.522749, 9.184963 45.522702, 9.187244 45.523304, 9.187223 45.523502, 9.189011 45.523876, 9.188659 45.525484, 9.189784 45.526316, 9.192528 45.526316, 9.19264 45.527259, 9.194295 45.527493, 9.196121 45.527753, 9.195673 45.528533, 9.195514 45.52934, 9.196597 45.529473, 9.19713 45.527982, 9.197498 45.528051, 9.197731 45.527286, 9.19916 45.527573, 9.198871 45.528046, 9.199274 45.528145, 9.199155 45.528313, 9.200399 45.528513, 9.199987 45.529749, 9.20118 45.529919, 9.201515 45.528691, 9.202946 45.529214, 9.203044 45.529002, 9.205062 45.52926, 9.205728 45.529339, 9.206149 45.52793, 9.207408 45.528023, 9.208087 45.528223, 9.209547 45.528344, 9.210118 45.528207, 9.211405 45.528291, 9.211969 45.529269, 9.211899 45.530165, 9.213271 45.530293, 9.213269 45.529744, 9.213835 45.529612)))",0,0,11,0,0,Low
